cluster	member	super_RMSD	aligned_atoms	notes
YP_010650017.1	YP_010650017.1	0.0	2499	
YP_010650017.1	NP_049665.1	1.871	1974	
YP_010650017.1	NP_861749.1	1.413	1835	
YP_010650017.1	NP_891600.1	1.954	1699	
YP_010650017.1	NP_899326.1	2.538	1503	
YP_010650017.1	NP_932394.1	1.384	1840	
YP_010650017.1	NP_943898.1	1.6	1738	
YP_010650017.1	YP_001469373.1	1.954	1699	
YP_010650017.1	YP_001595179.1	0.347	2213	
YP_010650017.1	YP_002854008.1	1.871	1974	
YP_010650017.1	YP_002854386.1	1.871	1974	
YP_010650017.1	YP_002922103.1	1.96	1693	
YP_010650017.1	YP_002922399.1	0.534	2317	
YP_010650017.1	YP_003358626.1	3.978	1816	
YP_010650017.1	YP_003359067.1	4.515	1626	
YP_010650017.1	YP_003579913.1	2.576	2059	
YP_010650017.1	YP_003734200.1	0.442	2349	
YP_010650017.1	YP_003858341.1	3.625	2045	
YP_010650017.1	YP_003934677.1	1.052	1802	
YP_010650017.1	YP_003969256.1	1.332	1809	
YP_010650017.1	YP_003969436.1	1.471	1698	
YP_010650017.1	YP_004009718.1	2.062	1983	
YP_010650017.1	YP_004009905.1	0.931	1780	
YP_010650017.1	YP_004010244.1	3.942	2085	
YP_010650017.1	YP_004063737.1	1.2	1807	
YP_010650017.1	YP_004300672.1	2.117	1825	
YP_010650017.1	YP_004300864.1	1.45	1651	
YP_010650017.1	YP_004322565.1	2.08	1440	
YP_010650017.1	YP_004322822.1	2.805	1507	
YP_010650017.1	YP_004323048.1	2.23	1756	
YP_010650017.1	YP_004323509.1	2.169	1447	
YP_010650017.1	YP_004323757.1	2.406	1804	
YP_010650017.1	YP_004323973.1	2.403	1854	
YP_010650017.1	YP_004324224.1	2.422	1671	
YP_010650017.1	YP_004324512.1	1.949	1612	
YP_010650017.1	YP_004324752.1	2.357	1763	
YP_010650017.1	YP_004324985.1	2.01	1770	
YP_010650017.1	YP_004327505.1	2.497	1425	
YP_010650017.1	YP_004414952.1	1.871	1974	
YP_010650017.1	YP_004421559.1	2.335	1602	
YP_010650017.1	YP_004895296.1	2.411	1423	
YP_010650017.1	YP_004956971.1	2.633	1504	
YP_010650017.1	YP_004957828.1	2.481	1427	
YP_010650017.1	YP_006488853.1	1.542	1845	
YP_010650017.1	YP_006908069.1	2.677	1509	
YP_010650017.1	YP_006986318.1	3.663	2065	
YP_010650017.1	YP_006986604.1	1.899	1992	
YP_010650017.1	YP_007001646.1	2.392	1809	
YP_010650017.1	YP_007001868.1	2.469	1825	
YP_010650017.1	YP_007002770.1	2.481	1427	
YP_010650017.1	YP_007004124.1	0.501	2332	
YP_010650017.1	YP_007004435.1	1.891	1988	
YP_010650017.1	YP_007004794.1	1.871	1974	
YP_010650017.1	YP_007008087.1	2.481	1427	
YP_010650017.1	YP_007010279.1	1.715	1698	
YP_010650017.1	YP_007010730.1	1.283	1808	
YP_010650017.1	YP_007235891.1	1.046	1858	
YP_010650017.1	YP_007236134.1	3.934	1802	
YP_010650017.1	YP_007237441.1	3.132	1781	
YP_010650017.1	YP_007348681.1	2.576	2059	
YP_010650017.1	YP_007349058.1	4.277	1869	
YP_010650017.1	YP_007501084.1	0.641	1722	
YP_010650017.1	YP_007673083.1	1.728	1542	
YP_010650017.1	YP_007673946.1	2.142	1442	
YP_010650017.1	YP_007674482.1	3.548	1885	
YP_010650017.1	YP_007675608.1	2.322	1754	
YP_010650017.1	YP_007677298.1	2.546	1855	
YP_010650017.1	YP_007677757.1	1.332	1809	
YP_010650017.1	YP_007877714.1	2.493	1843	
YP_010650017.1	YP_007877917.1	2.144	1731	
YP_010650017.1	YP_008060567.1	3.715	2050	
YP_010650017.1	YP_008125276.1	1.588	1688	
YP_010650017.1	YP_008125664.1	2.222	1731	
YP_010650017.1	YP_008126447.1	2.283	1723	
YP_010650017.1	YP_008129973.1	1.745	1756	
YP_010650017.1	YP_008532078.1	3.919	1835	
YP_010650017.1	YP_008770903.1	2.508	1430	
YP_010650017.1	YP_008771694.1	2.494	1429	
YP_010650017.1	YP_009005311.1	1.03	1791	
YP_010650017.1	YP_009006372.1	2.49	1555	
YP_010650017.1	YP_009007995.1	2.555	1804	
YP_010650017.1	YP_009008270.1	1.88	1580	
YP_010650017.1	YP_009011447.1	1.213	1640	
YP_010650017.1	YP_009021435.1	2.502	1430	
YP_010650017.1	YP_009030102.1	1.426	1661	
YP_010650017.1	YP_009030489.1	2.324	1415	
YP_010650017.1	YP_009030660.1	1.871	1974	
YP_010650017.1	YP_009037450.1	1.413	1835	
YP_010650017.1	YP_009056643.1	1.413	1835	
YP_010650017.1	YP_009097645.1	3.776	2035	
YP_010650017.1	YP_009098436.1	1.871	1974	
YP_010650017.1	YP_009099939.1	3.139	1859	
YP_010650017.1	YP_009100598.1	1.397	1831	
YP_010650017.1	YP_009101553.1	2.508	1430	
YP_010650017.1	YP_009102257.1	1.871	1974	
YP_010650017.1	YP_009102525.1	1.878	1975	
YP_010650017.1	YP_009102923.1	3.132	1781	
YP_010650017.1	YP_009110870.1	1.891	1988	
YP_010650017.1	YP_009118713.1	1.954	1699	
YP_010650017.1	YP_009126251.1	0.641	1722	
YP_010650017.1	YP_009133695.1	2.274	1749	
YP_010650017.1	YP_009140209.1	2.411	1423	
YP_010650017.1	YP_009140914.1	1.815	1569	
YP_010650017.1	YP_009142951.1	4.364	1901	
YP_010650017.1	YP_009146486.1	1.108	1813	
YP_010650017.1	YP_009147607.1	5.287	1919	
YP_010650017.1	YP_009148037.1	1.653	1869	
YP_010650017.1	YP_009148499.1	1.865	1974	
YP_010650017.1	YP_009149293.1	1.871	1974	
YP_010650017.1	YP_009153652.1	1.871	1974	
YP_010650017.1	YP_009167864.1	1.871	1974	
YP_010650017.1	YP_009188229.1	3.291	1861	
YP_010650017.1	YP_009189630.1	2.792	1775	
YP_010650017.1	YP_009190213.1	0.518	2079	
YP_010650017.1	YP_009190609.1	2.179	2003	
YP_010650017.1	YP_009194287.1	2.583	2059	
YP_010650017.1	YP_009194861.1	3.64	2067	
YP_010650017.1	YP_009195466.1	1.268	1743	
YP_010650017.1	YP_009197399.1	1.706	1913	
YP_010650017.1	YP_009200321.1	1.047	1859	
YP_010650017.1	YP_009201285.1	2.489	1555	
YP_010650017.1	YP_009202783.1	0.394	2301	
YP_010650017.1	YP_009203766.1	1.095	1813	
YP_010650017.1	YP_009205746.1	0.303	2244	
YP_010650017.1	YP_009207229.1	1.057	1796	
YP_010650017.1	YP_009209796.1	1.227	1808	
YP_010650017.1	YP_009210242.1	1.879	1974	
YP_010650017.1	YP_009211477.1	0.942	1799	
YP_010650017.1	YP_009212281.1	4.362	1901	
YP_010650017.1	YP_009213648.1	2.358	1726	
YP_010650017.1	YP_009213888.1	1.2	1807	
YP_010650017.1	YP_009217488.1	1.281	1808	
YP_010650017.1	YP_009218690.1	3.748	2033	
YP_010650017.1	YP_009220861.1	2.409	1423	
YP_010650017.1	YP_009225207.1	1.322	1821	
YP_010650017.1	YP_009277693.1	1.879	1974	
YP_010650017.1	YP_009279045.1	2.004	1195	
YP_010650017.1	YP_009279895.1	1.728	1916	
YP_010650017.1	YP_009281392.1	1.875	1974	
YP_010650017.1	YP_009283941.1	2.481	1427	
YP_010650017.1	YP_009284136.1	1.883	1990	
YP_010650017.1	YP_009286409.1	0.606	1699	
YP_010650017.1	YP_009288420.1	1.886	1979	
YP_010650017.1	YP_009288724.1	2.179	2003	
YP_010650017.1	YP_009288963.1	1.381	1831	
YP_010650017.1	YP_009289500.1	2.175	2006	
YP_010650017.1	YP_009290320.1	1.879	1974	
YP_010650017.1	YP_009293324.1	2.409	1423	
YP_010650017.1	YP_009301653.1	1.806	1583	
YP_010650017.1	YP_009302233.1	2.441	1730	
YP_010650017.1	YP_009320582.1	1.907	1604	
YP_010650017.1	YP_009321424.1	1.649	1556	
YP_010650017.1	YP_009322567.1	1.791	1642	
YP_010650017.1	YP_009323103.1	3.717	1809	
YP_010650017.1	YP_009323252.1	0.406	2310	
YP_010650017.1	YP_009323947.1	0.476	2331	
YP_010650017.1	YP_009324308.1	1.782	1567	
YP_010650017.1	YP_009592909.1	1.407	1833	
YP_010650017.1	YP_009595582.1	3.634	1801	
YP_010650017.1	YP_009597230.1	2.396	1622	
YP_010650017.1	YP_009601151.1	4.362	1901	
YP_010650017.1	YP_009601997.1	1.954	1699	
YP_010650017.1	YP_009606958.1	2.58	2059	
YP_010650017.1	YP_009609375.1	1.54	1870	
YP_010650017.1	YP_009609709.1	4.703	1862	
YP_010650017.1	YP_009613133.1	1.33	1808	
YP_010650017.1	YP_009614975.1	1.854	1983	
YP_010650017.1	YP_009615528.1	1.644	1867	
YP_010650017.1	YP_009616051.1	3.829	1819	
YP_010650017.1	YP_009617717.1	2.472	1427	
YP_010650017.1	YP_009618113.1	1.099	1796	
YP_010650017.1	YP_009618864.1	1.886	1990	
YP_010650017.1	YP_009619260.1	1.879	1974	
YP_010650017.1	YP_009623270.1	2.684	1510	
YP_010650017.1	YP_009623938.1	3.491	1687	
YP_010650017.1	YP_009625195.1	1.885	1988	
YP_010650017.1	YP_009778599.1	2.807	1728	
YP_010650017.1	YP_009778877.1	2.807	1728	
YP_010650017.1	YP_009779121.1	2.525	1818	
YP_010650017.1	YP_009779332.1	2.482	1826	
YP_010650017.1	YP_009779763.1	2.538	1845	
YP_010650017.1	YP_009779980.1	2.538	1845	
YP_010650017.1	YP_009783056.1	2.365	1718	
YP_010650017.1	YP_009783285.1	1.949	1615	
YP_010650017.1	YP_009791310.1	2.106	1752	
YP_010650017.1	YP_009796203.1	3.884	1829	
YP_010650017.1	YP_009796424.1	3.915	1835	
YP_010650017.1	YP_009798940.1	3.915	1835	
YP_010650017.1	YP_009806414.1	2.097	1727	
YP_010650017.1	YP_009810913.1	2.528	1721	
YP_010650017.1	YP_009816072.1	2.191	1741	
YP_010650017.1	YP_009822559.1	3.807	1835	
YP_010650017.1	YP_009831060.1	3.64	2067	
YP_010650017.1	YP_009831339.1	3.64	2067	
YP_010650017.1	YP_009833160.1	2.116	1767	
YP_010650017.1	YP_009834336.1	1.712	1698	
YP_010650017.1	YP_009834967.1	1.712	1698	
YP_010650017.1	YP_009836771.1	1.462	1808	
YP_010650017.1	YP_009837711.1	5.253	1912	
YP_010650017.1	YP_009838352.1	3.196	1623	
YP_010650017.1	YP_009841948.1	3.925	1848	
YP_010650017.1	YP_009845820.1	2.646	1461	
YP_010650017.1	YP_009850238.1	1.491	1818	
YP_010650017.1	YP_009850735.1	4.627	1742	
YP_010650017.1	YP_009851084.1	4.659	1738	
YP_010650017.1	YP_009854058.1	4.013	1814	
YP_010650017.1	YP_009856046.1	1.711	2217	
YP_010650017.1	YP_009875958.1	2.41	1423	
YP_010650017.1	YP_009876509.1	2.481	1427	
YP_010650017.1	YP_009877045.1	3.256	1729	
YP_010650017.1	YP_009877735.1	2.481	1427	
YP_010650017.1	YP_009879545.1	2.481	1427	
YP_010650017.1	YP_009879709.1	2.41	1423	
YP_010650017.1	YP_009880150.1	2.467	1426	
YP_010650017.1	YP_009880694.1	2.409	1423	
YP_010650017.1	YP_009880869.1	1.347	1639	
YP_010650017.1	YP_009881033.1	2.411	1423	
YP_010650017.1	YP_009881233.1	2.48	1427	
YP_010650017.1	YP_009881604.1	1.505	1657	
YP_010650017.1	YP_009881815.1	2.481	1427	
YP_010650017.1	YP_009882314.1	1.547	1843	
YP_010650017.1	YP_009882876.1	3.977	1816	
YP_010650017.1	YP_009883252.1	2.481	1427	
YP_010650017.1	YP_009883503.1	3.884	1829	
YP_010650017.1	YP_009883771.1	1.389	1695	
YP_010650017.1	YP_009884772.1	3.884	1829	
YP_010650017.1	YP_009885280.1	1.518	1664	
YP_010650017.1	YP_009886126.1	1.336	1628	
YP_010650017.1	YP_009886371.1	1.348	1639	
YP_010650017.1	YP_009886620.1	1.577	1671	
YP_010650017.1	YP_009886870.1	1.552	1683	
YP_010650017.1	YP_009887250.1	1.547	1843	
YP_010650017.1	YP_009887381.1	2.652	1450	
YP_010650017.1	YP_009887572.1	2.481	1427	
YP_010650017.1	YP_009887753.1	2.614	1446	
YP_010650017.1	YP_009887961.1	2.481	1427	
YP_010650017.1	YP_009888163.1	2.481	1427	
YP_010650017.1	YP_009888368.1	2.411	1423	
YP_010650017.1	YP_009888570.1	2.408	1423	
YP_010650017.1	YP_009888770.1	2.481	1427	
YP_010650017.1	YP_009888978.1	2.41	1423	
YP_010650017.1	YP_009889177.1	2.408	1423	
YP_010650017.1	YP_009889380.1	3.977	1816	
YP_010650017.1	YP_009889726.1	1.347	1639	
YP_010650017.1	YP_009890020.1	2.409	1423	
YP_010650017.1	YP_009948973.1	2.481	1427	
YP_010650017.1	YP_009966603.1	2.48	1427	
YP_010650017.1	YP_009966859.1	2.494	1429	
YP_010650017.1	YP_010065111.1	1.885	1988	
YP_010650017.1	YP_010065423.1	1.873	1974	
YP_010650017.1	YP_010065694.1	1.867	1972	
YP_010650017.1	YP_010066104.1	1.875	1974	
YP_010650017.1	YP_010066266.1	1.883	1988	
YP_010650017.1	YP_010066600.1	1.889	1988	
YP_010650017.1	YP_010066726.1	1.857	1984	
YP_010650017.1	YP_010066934.1	1.858	1984	
YP_010650017.1	YP_010067204.1	1.871	1974	
YP_010650017.1	YP_010067471.1	1.871	1974	
YP_010650017.1	YP_010067737.1	1.889	1988	
YP_010650017.1	YP_010067961.1	1.887	1988	
YP_010650017.1	YP_010068288.1	1.883	1988	
YP_010650017.1	YP_010068536.1	1.871	1974	
YP_010650017.1	YP_010068824.1	1.408	1835	
YP_010650017.1	YP_010069073.1	1.879	1974	
YP_010650017.1	YP_010069348.1	1.87	1974	
YP_010650017.1	YP_010069616.1	1.874	1974	
YP_010650017.1	YP_010069883.1	1.867	1972	
YP_010650017.1	YP_010070151.1	1.871	1974	
YP_010650017.1	YP_010070430.1	1.871	1974	
YP_010650017.1	YP_010070706.1	1.871	1974	
YP_010650017.1	YP_010071091.1	1.698	1922	
YP_010650017.1	YP_010071256.1	1.871	1974	
YP_010650017.1	YP_010071529.1	1.871	1974	
YP_010650017.1	YP_010071796.1	1.885	1988	
YP_010650017.1	YP_010072070.1	1.883	1988	
YP_010650017.1	YP_010072339.1	1.875	1974	
YP_010650017.1	YP_010072619.1	1.896	1989	
YP_010650017.1	YP_010072993.1	1.899	1992	
YP_010650017.1	YP_010073313.1	1.797	1961	
YP_010650017.1	YP_010073420.1	1.883	1988	
YP_010650017.1	YP_010073698.1	1.879	1974	
YP_010650017.1	YP_010073969.1	1.873	1974	
YP_010650017.1	YP_010074257.1	1.875	1974	
YP_010650017.1	YP_010074708.1	1.867	1972	
YP_010650017.1	YP_010074775.1	1.874	1974	
YP_010650017.1	YP_010075215.1	1.914	1997	
YP_010650017.1	YP_010075320.1	1.816	1981	
YP_010650017.1	YP_010075594.1	1.875	1974	
YP_010650017.1	YP_010075857.1	1.873	1974	
YP_010650017.1	YP_010076131.1	1.323	1821	
YP_010650017.1	YP_010076525.1	1.879	1974	
YP_010650017.1	YP_010076669.1	1.869	1974	
YP_010650017.1	YP_010076936.1	1.874	1974	
YP_010650017.1	YP_010077317.1	1.875	1974	
YP_010650017.1	YP_010077557.1	1.899	1992	
YP_010650017.1	YP_010077873.1	4.676	1741	
YP_010650017.1	YP_010088430.1	1.407	1833	
YP_010650017.1	YP_010088541.1	1.425	1832	
YP_010650017.1	YP_010088797.1	2.297	1761	
YP_010650017.1	YP_010088966.1	2.576	2059	
YP_010650017.1	YP_010089349.1	2.179	2002	
YP_010650017.1	YP_010089640.1	1.059	1875	
YP_010650017.1	YP_010090153.1	1.323	1822	
YP_010650017.1	YP_010090414.1	2.416	1784	
YP_010650017.1	YP_010090557.1	1.055	1786	
YP_010650017.1	YP_010090743.1	1.266	1774	
YP_010650017.1	YP_010091086.1	1.889	1988	
YP_010650017.1	YP_010091359.1	1.883	1988	
YP_010650017.1	YP_010091658.1	1.049	1794	
YP_010650017.1	YP_010091921.1	1.268	1743	
YP_010650017.1	YP_010092200.1	1.598	1881	
YP_010650017.1	YP_010092775.1	1.563	1732	
YP_010650017.1	YP_010093101.1	1.393	1841	
YP_010650017.1	YP_010093760.1	1.273	1744	
YP_010650017.1	YP_010093946.1	0.921	1776	
YP_010650017.1	YP_010094369.1	0.332	2203	
YP_010650017.1	YP_010094628.1	1.883	1988	
YP_010650017.1	YP_010094900.1	0.442	2327	
YP_010650017.1	YP_010094988.1	1.539	1892	
YP_010650017.1	YP_010095292.1	2.42	1786	
YP_010650017.1	YP_010095557.1	1.33	1808	
YP_010650017.1	YP_010095847.1	1.315	1817	
YP_010650017.1	YP_010096019.1	2.179	2003	
YP_010650017.1	YP_010096393.1	1.406	1845	
YP_010650017.1	YP_010097322.1	1.955	1692	
YP_010650017.1	YP_010097752.1	1.864	1639	
YP_010650017.1	YP_010098636.1	2.168	2000	
YP_010650017.1	YP_010099866.1	1.858	1984	
YP_010650017.1	YP_010100127.1	1.404	1833	
YP_010650017.1	YP_010100440.1	0.395	2293	
YP_010650017.1	YP_010100614.1	0.607	2103	
YP_010650017.1	YP_010106191.1	1.864	1987	
YP_010650017.1	YP_010107148.1	3.886	1844	
YP_010650017.1	YP_010228907.1	1.875	1974	
YP_010650017.1	YP_010246981.1	1.413	1835	
YP_010650017.1	YP_010278175.1	1.883	1988	
YP_010650017.1	YP_010355295.1	2.271	1830	
YP_010650017.1	YP_010355527.1	1.906	1604	
YP_010650017.1	YP_010355746.1	1.858	1593	
YP_010650017.1	YP_010650303.1	1.683	2203	
YP_010650017.1	YP_010650597.1	1.609	2139	
YP_010650017.1	YP_010650919.1	1.009	1802	
YP_010650017.1	YP_010656642.1	2.751	1749	
YP_010650017.1	YP_010661289.1	3.26	1881	
YP_010650017.1	YP_010661540.1	3.131	1857	
YP_010650017.1	YP_010661794.1	3.117	1854	
YP_010650017.1	YP_010661986.1	3.191	1862	
YP_010650017.1	YP_010662379.1	3.143	1859	
YP_010650017.1	YP_010662600.1	3.38	1851	
YP_010650017.1	YP_010662798.1	3.188	1862	
YP_010650017.1	YP_010662974.1	3.62	1810	
YP_010650017.1	YP_010665827.1	2.104	1673	
YP_010650017.1	YP_010667605.1	4.661	1738	
YP_010650017.1	YP_010669124.1	3.418	1798	
YP_010650017.1	YP_010669326.1	1.788	1596	
YP_010650017.1	YP_010669618.1	1.854	1592	
YP_010650017.1	YP_010669758.1	1.855	1670	
YP_010650017.1	YP_010670213.1	2.36	1657	
YP_010650017.1	YP_010670497.1	3.183	1771	
YP_010650017.1	YP_010670693.1	3.174	1720	
YP_010650017.1	YP_010679021.1	3.871	1760	
YP_010650017.1	YP_010843929.1	1.117	1812	
YP_010650017.1	YP_195157.2	1.946	1623	
YP_010650017.1	YP_214393.1	2.15	1718	
YP_010650017.1	YP_214689.1	2.002	1677	
YP_010650017.1	YP_239018.1	3.746	2032	
YP_010650017.1	YP_656275.1	1.332	1809	
YP_010650017.1	YP_717826.1	2.529	1766	
YP_010650017.1	YP_802992.1	1.881	1984	
YP_009008925.1	YP_009008925.1	0.0	1312	
YP_009008925.1	NP_046715.1	0.929	500	
YP_009008925.1	NP_047153.1	6.85	842	
YP_009008925.1	NP_047162.1	4.075	1035	
YP_009008925.1	NP_640292.1	4.747	857	
YP_009008925.1	NP_680539.1	3.012	970	
YP_009008925.1	NP_818352.1	0.523	534	
YP_009008925.1	NP_818415.1	1.103	536	
YP_009008925.1	NP_818454.1	1.042	517	
YP_009008925.1	NP_852016.1	0.822	577	
YP_009008925.1	YP_001039632.1	1.022	478	
YP_009008925.1	YP_001039643.1	5.142	867	
YP_009008925.1	YP_001469129.1	5.221	813	
YP_009008925.1	YP_001994467.1	0.577	454	
YP_009008925.1	YP_002003568.1	0.987	662	
YP_009008925.1	YP_002014428.1	3.302	438	
YP_009008925.1	YP_002242029.1	0.854	494	
YP_009008925.1	YP_002790750.1	3.012	870	
YP_009008925.1	YP_002922130.1	6.317	972	
YP_009008925.1	YP_003127173.1	3.914	1021	
YP_009008925.1	YP_003127225.1	3.914	1021	
YP_009008925.1	YP_003127318.1	3.879	754	
YP_009008925.1	YP_003495183.1	0.693	491	
YP_009008925.1	YP_003857221.1	0.88	417	
YP_009008925.1	YP_004251021.1	1.035	543	
YP_009008925.1	YP_004306200.1	3.744	992	
YP_009008925.1	YP_004306248.1	0.43	526	
YP_009008925.1	YP_004539039.1	0.697	425	
YP_009008925.1	YP_004893941.1	5.391	620	
YP_009008925.1	YP_004934177.1	0.492	455	
YP_009008925.1	YP_004934210.1	0.549	420	
YP_009008925.1	YP_006201138.1	2.044	295	
YP_009008925.1	YP_006201576.1	4.223	980	
YP_009008925.1	YP_006201626.1	5.499	741	
YP_009008925.1	YP_006201633.1	12.818	871	
YP_009008925.1	YP_006201746.1	4.033	992	
YP_009008925.1	YP_006201753.1	5.585	760	
YP_009008925.1	YP_006201975.1	12.815	871	
YP_009008925.1	YP_006488736.1	4.522	378	
YP_009008925.1	YP_006488762.1	2.915	975	
YP_009008925.1	YP_006488764.1	0.631	546	
YP_009008925.1	YP_006488768.1	3.261	1017	
YP_009008925.1	YP_006488774.1	3.461	973	
YP_009008925.1	YP_006560459.1	6.251	1034	
YP_009008925.1	YP_006560463.1	1.634	802	
YP_009008925.1	YP_006905897.1	0.336	620	
YP_009008925.1	YP_006905904.1	5.385	929	
YP_009008925.1	YP_006905907.1	4.838	924	
YP_009008925.1	YP_006905933.1	1.54	542	
YP_009008925.1	YP_006987693.1	0.579	593	
YP_009008925.1	YP_006987806.1	0.652	481	
YP_009008925.1	YP_007002180.1	1.67	644	
YP_009008925.1	YP_007002371.1	3.358	1025	
YP_009008925.1	YP_007006136.1	0.964	518	
YP_009008925.1	YP_007006379.1	0.777	465	
YP_009008925.1	YP_007010659.1	2.793	716	
YP_009008925.1	YP_007236745.1	0.515	453	
YP_009008925.1	YP_007392469.1	2.935	553	
YP_009008925.1	YP_007392617.1	0.6	543	
YP_009008925.1	YP_007392658.1	6.354	963	
YP_009008925.1	YP_007392669.1	1.125	563	
YP_009008925.1	YP_007500986.2	0.729	462	
YP_009008925.1	YP_007501014.1	0.269	552	
YP_009008925.1	YP_007501262.1	1.651	339	
YP_009008925.1	YP_007674114.1	2.401	776	
YP_009008925.1	YP_007674252.1	1.548	676	
YP_009008925.1	YP_007674266.1	3.919	952	
YP_009008925.1	YP_007674392.1	3.427	902	
YP_009008925.1	YP_007676631.1	6.237	1023	
YP_009008925.1	YP_007676635.1	1.506	817	
YP_009008925.1	YP_007677564.1	3.885	891	
YP_009008925.1	YP_007677646.1	0.453	564	
YP_009008925.1	YP_008061709.1	0.593	477	
YP_009008925.1	YP_008240377.1	1.604	564	
YP_009008925.1	YP_008240454.1	3.417	1019	
YP_009008925.1	YP_008240461.1	4.843	924	
YP_009008925.1	YP_008240486.1	3.763	1023	
YP_009008925.1	YP_008240493.1	4.843	924	
YP_009008925.1	YP_008240520.1	1.458	559	
YP_009008925.1	YP_008240811.1	0.568	559	
YP_009008925.1	YP_008241722.1	5.826	965	
YP_009008925.1	YP_008241725.1	1.243	645	
YP_009008925.1	YP_008241747.1	0.594	585	
YP_009008925.1	YP_008318087.1	0.909	509	
YP_009008925.1	YP_008318136.1	4.301	1033	
YP_009008925.1	YP_008318172.1	2.414	653	
YP_009008925.1	YP_008318202.1	0.963	465	
YP_009008925.1	YP_008318244.1	0.626	547	
YP_009008925.1	YP_008318249.1	6.582	854	
YP_009008925.1	YP_008318391.1	8.38	997	
YP_009008925.1	YP_008320120.1	5.012	744	
YP_009008925.1	YP_008320137.1	5.585	760	
YP_009008925.1	YP_008320522.1	0.619	543	
YP_009008925.1	YP_008320545.1	4.079	1027	
YP_009008925.1	YP_008408749.1	0.743	378	
YP_009008925.1	YP_008409095.1	0.541	528	
YP_009008925.1	YP_008431194.1	3.885	891	
YP_009008925.1	YP_008770079.1	12.84	949	
YP_009008925.1	YP_008770171.1	2.055	332	
YP_009008925.1	YP_008770198.1	3.19	1011	
YP_009008925.1	YP_008771998.1	0.355	607	
YP_009008925.1	YP_008853858.1	0.526	402	
YP_009008925.1	YP_008858965.1	0.771	524	
YP_009008925.1	YP_008859609.1	2.544	957	
YP_009008925.1	YP_008873574.1	3.759	843	
YP_009008925.1	YP_008873645.1	7.677	1026	
YP_009008925.1	YP_009004339.1	4.414	962	
YP_009008925.1	YP_009004343.1	5.244	677	
YP_009008925.1	YP_009004764.1	0.773	496	
YP_009008925.1	YP_009008900.1	0.56	544	
YP_009008925.1	YP_009008933.1	4.184	676	
YP_009008925.1	YP_009012042.1	1.155	550	
YP_009008925.1	YP_009015026.1	0.608	477	
YP_009008925.1	YP_009018106.1	1.107	535	
YP_009008925.1	YP_009018143.1	0.841	510	
YP_009008925.1	YP_009018271.1	2.154	628	
YP_009008925.1	YP_009031116.1	0.819	448	
YP_009008925.1	YP_009041294.1	3.759	843	
YP_009008925.1	YP_009042633.1	0.431	578	
YP_009008925.1	YP_009044096.1	3.763	1023	
YP_009008925.1	YP_009044103.1	4.843	924	
YP_009008925.1	YP_009044133.1	1.604	564	
YP_009008925.1	YP_009044724.1	1.506	817	
YP_009008925.1	YP_009045066.1	3.763	1023	
YP_009008925.1	YP_009045073.1	4.43	894	
YP_009008925.1	YP_009045074.1	4.843	924	
YP_009008925.1	YP_009045103.1	1.826	550	
YP_009008925.1	YP_009097935.1	0.591	448	
YP_009008925.1	YP_009098066.1	7.668	1028	
YP_009008925.1	YP_009098207.1	3.759	843	
YP_009008925.1	YP_009098283.1	7.677	1026	
YP_009008925.1	YP_009098663.1	1.523	296	
YP_009008925.1	YP_009098690.1	3.034	1009	
YP_009008925.1	YP_009098739.1	3.207	1015	
YP_009008925.1	YP_009102756.1	4.708	812	
YP_009008925.1	YP_009103847.1	6.184	676	
YP_009008925.1	YP_009103969.1	4.373	914	
YP_009008925.1	YP_009111205.1	0.616	523	
YP_009008925.1	YP_009111207.1	0.9	523	
YP_009008925.1	YP_009126458.1	5.589	850	
YP_009008925.1	YP_009126481.1	7.886	1011	
YP_009008925.1	YP_009126489.1	5.107	983	
YP_009008925.1	YP_009126497.1	6.418	975	
YP_009008925.1	YP_009146359.1	5.267	908	
YP_009008925.1	YP_009147131.1	5.728	864	
YP_009008925.1	YP_009147755.1	3.932	726	
YP_009008925.1	YP_009148866.1	0.59	520	
YP_009008925.1	YP_009148868.1	1.168	423	
YP_009008925.1	YP_009148988.1	0.599	641	
YP_009008925.1	YP_009150129.1	5.085	913	
YP_009008925.1	YP_009151080.1	9.707	903	
YP_009008925.1	YP_009151144.1	4.255	897	
YP_009008925.1	YP_009151688.1	0.483	460	
YP_009008925.1	YP_009152133.1	0.742	572	
YP_009008925.1	YP_009152146.1	0.604	570	
YP_009008925.1	YP_009152637.1	0.543	440	
YP_009008925.1	YP_009188593.1	1.087	507	
YP_009008925.1	YP_009189034.1	0.638	505	
YP_009008925.1	YP_009191333.1	4.25	912	
YP_009008925.1	YP_009194765.1	0.742	323	
YP_009008925.1	YP_009195696.1	0.509	593	
YP_009008925.1	YP_009196042.1	0.701	467	
YP_009008925.1	YP_009202477.1	0.544	383	
YP_009008925.1	YP_009203700.1	0.416	593	
YP_009008925.1	YP_009208044.1	0.762	521	
YP_009008925.1	YP_009208058.1	5.164	844	
YP_009008925.1	YP_009208446.1	0.763	511	
YP_009008925.1	YP_009209682.1	0.509	593	
YP_009008925.1	YP_009209693.1	3.013	687	
YP_009008925.1	YP_009211195.1	0.535	527	
YP_009008925.1	YP_009212449.1	0.456	589	
YP_009008925.1	YP_009214524.1	7.322	857	
YP_009008925.1	YP_009216610.1	6.982	1010	
YP_009008925.1	YP_009216618.1	0.75	497	
YP_009008925.1	YP_009216626.1	2.034	1000	
YP_009008925.1	YP_009219479.1	5.677	923	
YP_009008925.1	YP_009224671.1	0.567	275	
YP_009008925.1	YP_009226637.1	7.125	827	
YP_009008925.1	YP_009226641.1	6.763	806	
YP_009008925.1	YP_009274119.1	1.328	598	
YP_009008925.1	YP_009274814.1	1.454	626	
YP_009008925.1	YP_009284740.1	1.036	559	
YP_009008925.1	YP_009284748.1	3.844	1125	
YP_009008925.1	YP_009284829.1	0.632	497	
YP_009008925.1	YP_009284855.1	1.326	598	
YP_009008925.1	YP_009286865.1	5.138	980	
YP_009008925.1	YP_009287577.1	0.979	528	
YP_009008925.1	YP_009288301.1	4.774	882	
YP_009008925.1	YP_009289390.1	5.134	980	
YP_009008925.1	YP_009289643.1	1.124	584	
YP_009008925.1	YP_009300761.1	8.902	904	
YP_009008925.1	YP_009301962.1	1.192	548	
YP_009008925.1	YP_009303704.1	5.413	760	
YP_009008925.1	YP_009303805.1	0.816	505	
YP_009008925.1	YP_009304429.1	4.25	922	
YP_009008925.1	YP_009304431.1	3.565	800	
YP_009008925.1	YP_009304451.1	4.004	875	
YP_009008925.1	YP_009324419.1	2.663	675	
YP_009008925.1	YP_009590997.1	1.164	546	
YP_009008925.1	YP_009591147.1	1.67	671	
YP_009008925.1	YP_009591361.1	0.683	491	
YP_009008925.1	YP_009591577.1	0.576	482	
YP_009008925.1	YP_009591785.1	1.026	495	
YP_009008925.1	YP_009592459.1	0.562	213	
YP_009008925.1	YP_009592493.1	0.658	558	
YP_009008925.1	YP_009592505.1	3.561	978	
YP_009008925.1	YP_009593546.1	0.856	497	
YP_009008925.1	YP_009599437.1	0.806	464	
YP_009008925.1	YP_009600319.1	5.199	882	
YP_009008925.1	YP_009600380.1	5.186	881	
YP_009008925.1	YP_009600993.1	7.025	938	
YP_009008925.1	YP_009601112.1	4.649	876	
YP_009008925.1	YP_009601322.1	0.456	589	
YP_009008925.1	YP_009603167.1	8.178	875	
YP_009008925.1	YP_009603440.1	6.078	864	
YP_009008925.1	YP_009603528.1	3.929	831	
YP_009008925.1	YP_009603932.1	2.399	791	
YP_009008925.1	YP_009603950.1	2.038	668	
YP_009008925.1	YP_009604010.1	0.606	543	
YP_009008925.1	YP_009604493.1	0.843	541	
YP_009008925.1	YP_009606308.1	0.638	536	
YP_009008925.1	YP_009609867.1	0.843	541	
YP_009008925.1	YP_009613312.1	4.208	677	
YP_009008925.1	YP_009613316.1	3.648	923	
YP_009008925.1	YP_009613371.1	2.908	912	
YP_009008925.1	YP_009613372.1	4.022	674	
YP_009008925.1	YP_009613450.1	4.188	676	
YP_009008925.1	YP_009613662.1	0.763	511	
YP_009008925.1	YP_009615786.1	1.151	537	
YP_009008925.1	YP_009620203.1	0.743	550	
YP_009008925.1	YP_009620322.1	0.872	517	
YP_009008925.1	YP_009620743.1	3.968	663	
YP_009008925.1	YP_009621326.1	1.817	534	
YP_009008925.1	YP_009621367.1	2.626	672	
YP_009008925.1	YP_009621524.1	4.952	880	
YP_009008925.1	YP_009621650.1	5.178	826	
YP_009008925.1	YP_009622356.1	5.091	675	
YP_009008925.1	YP_009622986.1	1.25	543	
YP_009008925.1	YP_009624696.1	4.184	676	
YP_009008925.1	YP_009624727.1	3.098	1025	
YP_009008925.1	YP_009624729.1	1.588	885	
YP_009008925.1	YP_009624750.1	0.79	533	
YP_009008925.1	YP_009624761.1	0.755	493	
YP_009008925.1	YP_009624763.1	5.783	888	
YP_009008925.1	YP_009624813.1	4.094	891	
YP_009008925.1	YP_009624817.1	1.051	561	
YP_009008925.1	YP_009624818.1	3.524	951	
YP_009008925.1	YP_009624828.1	6.161	987	
YP_009008925.1	YP_009624849.1	1.533	1088	
YP_009008925.1	YP_009625552.1	5.431	487	
YP_009008925.1	YP_009625605.1	0.905	343	
YP_009008925.1	YP_009625875.1	5.088	675	
YP_009008925.1	YP_009626034.1	1.135	450	
YP_009008925.1	YP_009635909.1	0.8	464	
YP_009008925.1	YP_009635921.1	0.542	537	
YP_009008925.1	YP_009635937.1	0.88	417	
YP_009008925.1	YP_009636321.1	1.164	546	
YP_009008925.1	YP_009637023.1	1.103	536	
YP_009008925.1	YP_009637061.1	1.056	520	
YP_009008925.1	YP_009637232.1	1.291	508	
YP_009008925.1	YP_009639387.1	1.083	561	
YP_009008925.1	YP_009639506.1	0.719	509	
YP_009008925.1	YP_009778440.1	5.464	853	
YP_009008925.1	YP_009780124.1	7.668	1028	
YP_009008925.1	YP_009780265.1	3.759	843	
YP_009008925.1	YP_009780316.1	3.759	843	
YP_009008925.1	YP_009780448.1	7.677	1026	
YP_009008925.1	YP_009780547.1	3.759	843	
YP_009008925.1	YP_009780618.1	7.668	1028	
YP_009008925.1	YP_009780777.1	3.759	843	
YP_009008925.1	YP_009780849.1	7.668	1028	
YP_009008925.1	YP_009780992.1	3.759	843	
YP_009008925.1	YP_009781063.1	7.668	1028	
YP_009008925.1	YP_009781225.1	3.759	843	
YP_009008925.1	YP_009781296.1	7.732	1028	
YP_009008925.1	YP_009781457.1	3.759	843	
YP_009008925.1	YP_009781529.1	7.668	1028	
YP_009008925.1	YP_009781688.1	3.759	843	
YP_009008925.1	YP_009781760.1	7.684	1028	
YP_009008925.1	YP_009781921.1	3.759	843	
YP_009008925.1	YP_009781992.1	7.668	1028	
YP_009008925.1	YP_009782094.1	3.803	855	
YP_009008925.1	YP_009782170.1	7.671	1028	
YP_009008925.1	YP_009782337.1	3.803	855	
YP_009008925.1	YP_009782415.1	7.678	1026	
YP_009008925.1	YP_009782494.1	2.164	576	
YP_009008925.1	YP_009782582.1	3.754	843	
YP_009008925.1	YP_009782655.1	7.676	1026	
YP_009008925.1	YP_009782719.1	3.803	855	
YP_009008925.1	YP_009782855.1	7.678	1026	
YP_009008925.1	YP_009786035.1	7.293	991	
YP_009008925.1	YP_009786038.1	7.024	993	
YP_009008925.1	YP_009786053.1	3.682	882	
YP_009008925.1	YP_009786062.1	4.159	979	
YP_009008925.1	YP_009786452.1	2.342	501	
YP_009008925.1	YP_009788341.1	0.738	575	
YP_009008925.1	YP_009792417.1	0.546	440	
YP_009008925.1	YP_009795419.1	0.698	454	
YP_009008925.1	YP_009795977.1	5.763	972	
YP_009008925.1	YP_009796074.1	0.753	460	
YP_009008925.1	YP_009796111.1	2.246	500	
YP_009008925.1	YP_009796722.1	3.702	490	
YP_009008925.1	YP_009797714.1	3.63	877	
YP_009008925.1	YP_009798741.1	6.705	984	
YP_009008925.1	YP_009798885.1	0.941	507	
YP_009008925.1	YP_009799631.1	3.408	605	
YP_009008925.1	YP_009799843.1	3.408	605	
YP_009008925.1	YP_009804594.1	1.216	644	
YP_009008925.1	YP_009805984.1	1.289	565	
YP_009008925.1	YP_009806017.1	3.161	536	
YP_009008925.1	YP_009806179.1	3.122	537	
YP_009008925.1	YP_009807205.1	0.776	508	
YP_009008925.1	YP_009807218.1	1.243	530	
YP_009008925.1	YP_009808524.1	1.38	508	
YP_009008925.1	YP_009811847.1	5.434	487	
YP_009008925.1	YP_009811851.1	1.051	584	
YP_009008925.1	YP_009811959.1	1.051	584	
YP_009008925.1	YP_009812119.1	1.051	584	
YP_009008925.1	YP_009812375.1	4.531	838	
YP_009008925.1	YP_009812380.1	4.055	945	
YP_009008925.1	YP_009812418.1	3.786	823	
YP_009008925.1	YP_009813079.1	1.195	674	
YP_009008925.1	YP_009813873.1	1.154	670	
YP_009008925.1	YP_009814798.1	1.377	339	
YP_009008925.1	YP_009816232.1	7.279	1004	
YP_009008925.1	YP_009816251.1	8.384	999	
YP_009008925.1	YP_009816277.1	4.83	819	
YP_009008925.1	YP_009816286.1	5.2	996	
YP_009008925.1	YP_009816291.1	6.601	810	
YP_009008925.1	YP_009816297.1	6.136	673	
YP_009008925.1	YP_009817115.1	1.116	583	
YP_009008925.1	YP_009817166.1	1.116	583	
YP_009008925.1	YP_009817222.1	1.051	584	
YP_009008925.1	YP_009817271.1	1.128	585	
YP_009008925.1	YP_009817368.1	1.122	584	
YP_009008925.1	YP_009817385.1	0.773	522	
YP_009008925.1	YP_009817481.1	0.772	522	
YP_009008925.1	YP_009817623.1	0.72	514	
YP_009008925.1	YP_009817707.1	0.781	524	
YP_009008925.1	YP_009818222.1	3.367	889	
YP_009008925.1	YP_009829516.1	2.23	927	
YP_009008925.1	YP_009830065.1	5.752	959	
YP_009008925.1	YP_009830538.1	0.667	601	
YP_009008925.1	YP_009830694.1	5.089	902	
YP_009008925.1	YP_009833380.1	0.5	487	
YP_009008925.1	YP_009837930.1	0.878	636	
YP_009008925.1	YP_009842323.1	2.219	647	
YP_009008925.1	YP_009843121.1	4.42	723	
YP_009008925.1	YP_009844027.1	0.344	608	
YP_009008925.1	YP_009846187.1	1.997	428	
YP_009008925.1	YP_009846639.1	1.997	428	
YP_009008925.1	YP_009848054.1	1.774	617	
YP_009008925.1	YP_009848135.1	1.058	684	
YP_009008925.1	YP_009848274.1	0.432	460	
YP_009008925.1	YP_009850122.1	0.414	527	
YP_009008925.1	YP_009851824.1	0.54	616	
YP_009008925.1	YP_009854693.1	1.137	602	
YP_009008925.1	YP_009854765.1	1.137	602	
YP_009008925.1	YP_009855035.1	1.111	600	
YP_009008925.1	YP_009855103.1	1.11	600	
YP_009008925.1	YP_009855177.1	1.127	601	
YP_009008925.1	YP_009855250.1	1.136	602	
YP_009008925.1	YP_009855323.1	1.136	602	
YP_009008925.1	YP_009855389.1	1.136	602	
YP_009008925.1	YP_009855518.1	1.137	602	
YP_009008925.1	YP_009858361.1	3.108	535	
YP_009008925.1	YP_009858692.1	1.493	584	
YP_009008925.1	YP_009874117.1	5.188	737	
YP_009008925.1	YP_009874127.1	8.905	759	
YP_009008925.1	YP_009874141.1	0.685	424	
YP_009008925.1	YP_009874229.1	3.913	998	
YP_009008925.1	YP_009874234.1	0.927	522	
YP_009008925.1	YP_009874240.1	1.13	453	
YP_009008925.1	YP_009874246.1	0.999	526	
YP_009008925.1	YP_009874255.1	7.903	773	
YP_009008925.1	YP_009874284.1	4.961	732	
YP_009008925.1	YP_009874289.1	2.809	979	
YP_009008925.1	YP_009874294.1	6.442	861	
YP_009008925.1	YP_009874336.1	1.269	435	
YP_009008925.1	YP_009874349.1	0.421	592	
YP_009008925.1	YP_009874417.1	4.8	718	
YP_009008925.1	YP_009874435.1	4.682	857	
YP_009008925.1	YP_009874456.1	1.144	531	
YP_009008925.1	YP_009874470.1	5.009	718	
YP_009008925.1	YP_009874477.1	4.508	1019	
YP_009008925.1	YP_009874498.1	0.774	504	
YP_009008925.1	YP_009874588.1	1.547	476	
YP_009008925.1	YP_009874629.1	4.828	717	
YP_009008925.1	YP_009874680.1	4.923	720	
YP_009008925.1	YP_009874699.1	4.154	839	
YP_009008925.1	YP_009874738.1	3.103	973	
YP_009008925.1	YP_009874807.1	0.897	543	
YP_009008925.1	YP_009874850.1	3.887	984	
YP_009008925.1	YP_009874873.1	0.774	504	
YP_009008925.1	YP_009874977.1	4.258	846	
YP_009008925.1	YP_009875009.1	5.196	766	
YP_009008925.1	YP_009875015.1	6.764	741	
YP_009008925.1	YP_009875020.1	3.83	994	
YP_009008925.1	YP_009875025.1	7.177	409	
YP_009008925.1	YP_009875036.1	4.681	856	
YP_009008925.1	YP_009875057.1	2.293	587	
YP_009008925.1	YP_009875070.1	4.984	719	
YP_009008925.1	YP_009875130.1	3.886	984	
YP_009008925.1	YP_009875154.1	0.662	461	
YP_009008925.1	YP_009875188.1	3.819	929	
YP_009008925.1	YP_009875196.1	6.093	759	
YP_009008925.1	YP_009875259.1	6.817	876	
YP_009008925.1	YP_009875301.1	4.446	1013	
YP_009008925.1	YP_009875307.1	0.936	518	
YP_009008925.1	YP_009875316.1	5.798	832	
YP_009008925.1	YP_009875421.1	1.548	476	
YP_009008925.1	YP_009875465.1	3.087	1015	
YP_009008925.1	YP_009875780.1	3.253	600	
YP_009008925.1	YP_009875785.1	4.058	979	
YP_009008925.1	YP_009875795.1	8.144	789	
YP_009008925.1	YP_009875858.1	4.681	856	
YP_009008925.1	YP_009875891.1	4.921	720	
YP_009008925.1	YP_009876377.1	4.358	1015	
YP_009008925.1	YP_009877858.1	2.894	939	
YP_009008925.1	YP_009877864.1	0.906	508	
YP_009008925.1	YP_009877867.1	5.595	760	
YP_009008925.1	YP_009877910.1	4.273	977	
YP_009008925.1	YP_009877929.1	0.843	507	
YP_009008925.1	YP_009877966.1	0.936	518	
YP_009008925.1	YP_009877977.1	4.366	847	
YP_009008925.1	YP_009877985.1	0.8	498	
YP_009008925.1	YP_009878011.1	5.146	805	
YP_009008925.1	YP_009878083.1	5.309	848	
YP_009008925.1	YP_009878105.1	5.542	840	
YP_009008925.1	YP_009878121.1	4.904	720	
YP_009008925.1	YP_009878143.1	4.867	690	
YP_009008925.1	YP_009878166.1	2.519	646	
YP_009008925.1	YP_009878181.1	4.571	708	
YP_009008925.1	YP_009878192.1	1.636	478	
YP_009008925.1	YP_009878205.1	7.904	773	
YP_009008925.1	YP_009878230.1	7.92	783	
YP_009008925.1	YP_009878257.1	1.025	469	
YP_009008925.1	YP_009878305.1	0.881	519	
YP_009008925.1	YP_009878346.1	6.816	807	
YP_009008925.1	YP_009878408.1	0.881	519	
YP_009008925.1	YP_009878467.1	5.911	787	
YP_009008925.1	YP_009878500.1	6.915	888	
YP_009008925.1	YP_009878511.1	0.881	519	
YP_009008925.1	YP_009878554.1	3.849	997	
YP_009008925.1	YP_009878659.1	2.691	1012	
YP_009008925.1	YP_009878667.1	1.128	453	
YP_009008925.1	YP_009878703.1	6.785	808	
YP_009008925.1	YP_009878725.1	1.056	476	
YP_009008925.1	YP_009878761.1	3.852	1030	
YP_009008925.1	YP_009878857.1	4.913	722	
YP_009008925.1	YP_009878862.1	3.742	1025	
YP_009008925.1	YP_009878911.1	5.05	729	
YP_009008925.1	YP_009878965.1	5.048	729	
YP_009008925.1	YP_009879018.1	5.049	729	
YP_009008925.1	YP_009879028.1	6.21	862	
YP_009008925.1	YP_009879032.1	6.109	763	
YP_009008925.1	YP_009879073.1	5.049	729	
YP_009008925.1	YP_009879083.1	6.21	862	
YP_009008925.1	YP_009879127.1	4.943	737	
YP_009008925.1	YP_009879132.1	4.169	939	
YP_009008925.1	YP_009879186.1	3.942	1035	
YP_009008925.1	YP_009879193.1	5.029	638	
YP_009008925.1	YP_009879326.1	5.859	843	
YP_009008925.1	YP_009879400.1	3.746	998	
YP_009008925.1	YP_009879935.1	1.028	229	
YP_009008925.1	YP_009882011.1	0.76	551	
YP_009008925.1	YP_009882360.1	3.885	984	
YP_009008925.1	YP_009882422.1	1.012	515	
YP_009008925.1	YP_009884963.1	5.093	735	
YP_009008925.1	YP_009885015.1	5.134	735	
YP_009008925.1	YP_009885470.1	5.986	811	
YP_009008925.1	YP_009885476.1	3.804	980	
YP_009008925.1	YP_009885524.1	1.93	561	
YP_009008925.1	YP_009885530.1	4.031	992	
YP_009008925.1	YP_009885642.1	0.799	531	
YP_009008925.1	YP_009885651.1	7.708	718	
YP_009008925.1	YP_009885667.1	5.805	786	
YP_009008925.1	YP_009885674.1	4.165	766	
YP_009008925.1	YP_009885688.1	3.944	985	
YP_009008925.1	YP_009885739.1	7.429	833	
YP_009008925.1	YP_009885744.1	4.032	1033	
YP_009008925.1	YP_009885750.1	5.984	1050	
YP_009008925.1	YP_009885770.1	7.905	773	
YP_009008925.1	YP_009885911.1	5.13	732	
YP_009008925.1	YP_009885922.1	1.004	527	
YP_009008925.1	YP_009900341.1	2.903	979	
YP_009008925.1	YP_009900367.1	3.757	976	
YP_009008925.1	YP_009900452.1	3.428	966	
YP_009008925.1	YP_009900456.1	3.703	963	
YP_009008925.1	YP_009900505.1	4.646	865	
YP_009008925.1	YP_009900543.1	3.927	969	
YP_009008925.1	YP_009900691.1	1.842	564	
YP_009008925.1	YP_009904602.1	0.509	564	
YP_009008925.1	YP_009904974.1	14.227	807	
YP_009008925.1	YP_009905014.1	3.18	1014	
YP_009008925.1	YP_009905056.1	4.012	711	
YP_009008925.1	YP_009905152.1	14.228	807	
YP_009008925.1	YP_009905195.1	3.215	1016	
YP_009008925.1	YP_009905264.1	7.132	1018	
YP_009008925.1	YP_009905330.1	14.226	807	
YP_009008925.1	YP_009905471.1	3.631	1002	
YP_009008925.1	YP_009905524.1	13.462	809	
YP_009008925.1	YP_009905548.1	3.439	1016	
YP_009008925.1	YP_009905603.1	4.385	722	
YP_009008925.1	YP_009905627.1	8.304	1025	
YP_009008925.1	YP_009908461.1	5.766	947	
YP_009008925.1	YP_009908778.1	4.899	927	
YP_009008925.1	YP_009908823.1	4.012	930	
YP_009008925.1	YP_009908848.1	4.064	924	
YP_009008925.1	YP_009908877.1	4.01	919	
YP_009008925.1	YP_009908903.1	4.243	912	
YP_009008925.1	YP_009908930.1	4.212	921	
YP_009008925.1	YP_009908956.1	4.256	917	
YP_009008925.1	YP_009908981.1	4.259	917	
YP_009008925.1	YP_009909007.1	4.267	914	
YP_009008925.1	YP_009909032.1	3.968	916	
YP_009008925.1	YP_009910777.1	0.464	273	
YP_009008925.1	YP_009910807.1	6.589	800	
YP_009008925.1	YP_009910839.1	0.587	593	
YP_009008925.1	YP_009949715.1	0.813	518	
YP_009008925.1	YP_009957648.1	0.535	527	
YP_009008925.1	YP_009963850.1	0.535	527	
YP_009008925.1	YP_009965260.1	0.732	537	
YP_009008925.1	YP_009985859.1	0.572	544	
YP_009008925.1	YP_009985865.1	0.63	557	
YP_009008925.1	YP_009986047.1	4.615	998	
YP_009008925.1	YP_009986288.1	4.624	999	
YP_009008925.1	YP_009987399.1	4.702	1000	
YP_009008925.1	YP_010012679.1	0.559	273	
YP_009008925.1	YP_010013326.1	0.691	433	
YP_009008925.1	YP_010013446.1	1.948	545	
YP_009008925.1	YP_010055108.1	0.823	453	
YP_009008925.1	YP_010057394.1	0.903	560	
YP_009008925.1	YP_010059208.1	0.683	525	
YP_009008925.1	YP_010059558.1	1.012	478	
YP_009008925.1	YP_010059844.1	1.068	482	
YP_009008925.1	YP_010068488.1	1.675	363	
YP_009008925.1	YP_010080152.1	5.262	994	
YP_009008925.1	YP_010081116.1	0.566	528	
YP_009008925.1	YP_010081272.1	0.601	550	
YP_009008925.1	YP_010081828.1	4.527	1027	
YP_009008925.1	YP_010083936.1	4.297	1014	
YP_009008925.1	YP_010088491.1	1.679	360	
YP_009008925.1	YP_010089920.1	1.931	326	
YP_009008925.1	YP_010089948.1	0.642	567	
YP_009008925.1	YP_010090103.1	1.677	360	
YP_009008925.1	YP_010091038.1	1.673	363	
YP_009008925.1	YP_010093320.1	1.674	363	
YP_009008925.1	YP_010096565.1	0.647	544	
YP_009008925.1	YP_010096783.1	1.327	598	
YP_009008925.1	YP_010096828.1	1.191	548	
YP_009008925.1	YP_010097927.1	1.191	548	
YP_009008925.1	YP_010098246.1	1.326	598	
YP_009008925.1	YP_010099195.1	1.191	548	
YP_009008925.1	YP_010099277.1	1.191	548	
YP_009008925.1	YP_010099363.1	0.977	505	
YP_009008925.1	YP_010099445.1	1.191	548	
YP_009008925.1	YP_010099615.1	1.191	548	
YP_009008925.1	YP_010100176.1	1.67	360	
YP_009008925.1	YP_010100697.1	0.736	497	
YP_009008925.1	YP_010100720.1	0.338	505	
YP_009008925.1	YP_010100984.1	0.88	417	
YP_009008925.1	YP_010101395.1	0.879	417	
YP_009008925.1	YP_010102048.1	1.328	598	
YP_009008925.1	YP_010102144.1	1.376	598	
YP_009008925.1	YP_010102336.1	1.328	598	
YP_009008925.1	YP_010102431.1	1.328	598	
YP_009008925.1	YP_010102864.1	1.191	548	
YP_009008925.1	YP_010103098.1	1.328	598	
YP_009008925.1	YP_010103247.1	0.647	509	
YP_009008925.1	YP_010103328.1	1.171	541	
YP_009008925.1	YP_010104302.1	1.327	598	
YP_009008925.1	YP_010104532.1	0.899	474	
YP_009008925.1	YP_010105074.1	3.151	410	
YP_009008925.1	YP_010105490.1	0.88	417	
YP_009008925.1	YP_010105563.1	0.577	493	
YP_009008925.1	YP_010105570.1	4.426	949	
YP_009008925.1	YP_010105573.1	2.806	951	
YP_009008925.1	YP_010106263.1	2.137	359	
YP_009008925.1	YP_010106662.1	0.684	570	
YP_009008925.1	YP_010106745.1	0.684	570	
YP_009008925.1	YP_010106824.1	0.684	570	
YP_009008925.1	YP_010106904.1	0.684	570	
YP_009008925.1	YP_010107721.1	1.328	598	
YP_009008925.1	YP_010107892.1	1.806	535	
YP_009008925.1	YP_010108150.1	4.779	892	
YP_009008925.1	YP_010109492.1	1.192	548	
YP_009008925.1	YP_010109719.1	1.327	598	
YP_009008925.1	YP_010109874.1	1.191	548	
YP_009008925.1	YP_010110027.1	4.356	920	
YP_009008925.1	YP_010110242.1	5.392	875	
YP_009008925.1	YP_010110390.1	0.667	497	
YP_009008925.1	YP_010110472.1	7.654	866	
YP_009008925.1	YP_010111074.1	7.752	648	
YP_009008925.1	YP_010111137.1	4.918	949	
YP_009008925.1	YP_010111259.1	1.757	795	
YP_009008925.1	YP_010111444.1	7.164	899	
YP_009008925.1	YP_010111452.1	7.092	1007	
YP_009008925.1	YP_010111473.1	6.423	782	
YP_009008925.1	YP_010111529.1	3.855	878	
YP_009008925.1	YP_010111642.1	8.942	1026	
YP_009008925.1	YP_010112046.1	2.154	831	
YP_009008925.1	YP_010112098.1	5.822	1029	
YP_009008925.1	YP_010112629.1	4.792	906	
YP_009008925.1	YP_010113007.1	2.526	910	
YP_009008925.1	YP_010113367.1	1.746	869	
YP_009008925.1	YP_010113372.1	9.627	996	
YP_009008925.1	YP_010114774.1	0.543	537	
YP_009008925.1	YP_010114787.1	0.88	417	
YP_009008925.1	YP_010115001.1	1.326	598	
YP_009008925.1	YP_010347951.1	5.975	749	
YP_009008925.1	YP_010356645.1	7.889	632	
YP_009008925.1	YP_010358793.1	2.15	973	
YP_009008925.1	YP_010358865.1	1.473	744	
YP_009008925.1	YP_010358962.1	4.384	813	
YP_009008925.1	YP_010359023.1	0.802	302	
YP_009008925.1	YP_010359025.1	1.042	302	
YP_009008925.1	YP_010359113.1	0.777	516	
YP_009008925.1	YP_010359162.1	1.03	646	
YP_009008925.1	YP_010359433.1	0.852	301	
YP_009008925.1	YP_010359559.1	0.62	502	
YP_009008925.1	YP_010359566.1	5.265	897	
YP_009008925.1	YP_010359644.1	3.11	935	
YP_009008925.1	YP_010359653.1	5.737	1033	
YP_009008925.1	YP_010359845.1	3.131	908	
YP_009008925.1	YP_010509572.1	3.843	801	
YP_009008925.1	YP_010645727.1	5.906	912	
YP_009008925.1	YP_010649593.1	0.611	529	
YP_009008925.1	YP_010649665.1	0.611	529	
YP_009008925.1	YP_010650896.1	2.948	381	
YP_009008925.1	YP_010654919.1	0.533	530	
YP_009008925.1	YP_010660500.1	9.497	968	
YP_009008925.1	YP_010660555.1	0.726	322	
YP_009008925.1	YP_010663527.1	5.134	980	
YP_009008925.1	YP_010663572.1	5.137	980	
YP_009008925.1	YP_010666064.1	9.461	929	
YP_009008925.1	YP_010666165.1	8.818	887	
YP_009008925.1	YP_010666264.1	8.924	904	
YP_009008925.1	YP_010666363.1	8.811	887	
YP_009008925.1	YP_010666457.1	8.666	886	
YP_009008925.1	YP_010666554.1	8.587	887	
YP_009008925.1	YP_010666654.1	8.602	888	
YP_009008925.1	YP_010666755.1	8.897	906	
YP_009008925.1	YP_010666855.1	8.321	887	
YP_009008925.1	YP_010666950.1	9.003	922	
YP_009008925.1	YP_010667080.1	1.067	502	
YP_009008925.1	YP_010670155.1	2.661	709	
YP_009008925.1	YP_010670699.1	0.847	522	
YP_009008925.1	YP_010672491.1	4.77	890	
YP_009008925.1	YP_010672976.1	0.616	387	
YP_009008925.1	YP_010673513.1	0.876	496	
YP_009008925.1	YP_010674428.1	0.467	574	
YP_009008925.1	YP_010674717.1	5.117	806	
YP_009008925.1	YP_010675337.1	3.836	915	
YP_009008925.1	YP_010675614.1	0.996	492	
YP_009008925.1	YP_010675740.1	1.013	494	
YP_009008925.1	YP_010675743.1	1.15	416	
YP_009008925.1	YP_010676077.1	6.272	967	
YP_009008925.1	YP_010676420.1	0.772	514	
YP_009008925.1	YP_010676529.1	0.767	514	
YP_009008925.1	YP_010678571.1	0.591	505	
YP_009008925.1	YP_010678616.1	1.369	596	
YP_009008925.1	YP_010679258.1	3.457	938	
YP_009008925.1	YP_010679424.1	0.471	570	
YP_009008925.1	YP_010680074.1	0.374	591	
YP_009008925.1	YP_010680519.1	1.716	805	
YP_009008925.1	YP_010680540.1	3.882	811	
YP_009008925.1	YP_010680648.1	0.483	545	
YP_009008925.1	YP_010680674.1	0.438	546	
YP_009008925.1	YP_010682385.1	1.303	310	
YP_009008925.1	YP_010682429.1	1.262	306	
YP_009008925.1	YP_010682472.1	1.299	310	
YP_009008925.1	YP_010682527.1	1.296	310	
YP_009008925.1	YP_010682736.1	1.297	310	
YP_009008925.1	YP_010682786.1	1.301	310	
YP_009008925.1	YP_010682881.1	1.298	310	
YP_009008925.1	YP_025062.1	3.971	997	
YP_009008925.1	YP_025078.1	2.4	913	
YP_009008925.1	YP_223908.1	0.574	460	
YP_009008925.1	YP_238598.1	3.989	921	
YP_009008925.1	YP_238715.1	0.79	513	
YP_009008925.1	YP_240957.1	7.677	1026	
YP_009008925.1	YP_241095.1	3.759	843	
YP_009008925.1	YP_358806.1	9.993	989	
YP_009008925.1	YP_654865.1	0.55	520	
YP_009008925.1	YP_764282.1	2.45	650	
YP_009008925.1	YP_764291.1	6.264	814	
YP_009008925.1	YP_794120.1	5.759	947	
YP_009008925.1	YP_950665.1	2.717	358	
YP_009795281.1	YP_009795281.1	0.0	3038	
YP_009795281.1	NP_049841.1	1.734	1809	
YP_009795281.1	NP_861928.1	4.284	1949	
YP_009795281.1	NP_891801.1	1.305	1876	
YP_009795281.1	NP_899524.1	1.317	1769	
YP_009795281.1	NP_943924.1	1.451	1744	
YP_009795281.1	NP_944994.1	1.506	1757	
YP_009795281.1	YP_001469574.1	1.324	1870	
YP_009795281.1	YP_001595352.1	1.919	1779	
YP_009795281.1	YP_001595470.1	1.415	1623	
YP_009795281.1	YP_001837030.1	0.835	2187	
YP_009795281.1	YP_002003608.1	2.189	1617	
YP_009795281.1	YP_002456127.1	1.644	1545	
YP_009795281.1	YP_002854182.1	1.489	1850	
YP_009795281.1	YP_002854562.1	1.581	1883	
YP_009795281.1	YP_002922308.1	1.304	1867	
YP_009795281.1	YP_002922570.1	1.811	1769	
YP_009795281.1	YP_002922904.1	1.506	1757	
YP_009795281.1	YP_003097286.1	1.156	1781	
YP_009795281.1	YP_003579932.1	1.801	1870	
YP_009795281.1	YP_003734368.1	1.693	1744	
YP_009795281.1	YP_003858365.1	1.404	1766	
YP_009795281.1	YP_003934867.1	2.064	1788	
YP_009795281.1	YP_003969460.1	1.5	1782	
YP_009795281.1	YP_004009834.1	3.215	1816	
YP_009795281.1	YP_004010091.1	1.944	1766	
YP_009795281.1	YP_004010363.1	1.506	1632	
YP_009795281.1	YP_004063927.1	2.01	1771	
YP_009795281.1	YP_004251147.1	1.224	1726	
YP_009795281.1	YP_004300811.1	1.481	1708	
YP_009795281.1	YP_004300883.1	1.238	1719	
YP_009795281.1	YP_004306569.1	0.803	2168	
YP_009795281.1	YP_004322326.1	1.233	1829	
YP_009795281.1	YP_004322599.1	1.141	1701	
YP_009795281.1	YP_004322858.1	0.982	1658	
YP_009795281.1	YP_004323092.1	1.051	1772	
YP_009795281.1	YP_004323545.1	1.126	1722	
YP_009795281.1	YP_004324017.1	1.081	1697	
YP_009795281.1	YP_004324269.1	1.031	1712	
YP_009795281.1	YP_004324543.1	1.24	1752	
YP_009795281.1	YP_004324793.1	0.976	1710	
YP_009795281.1	YP_004325029.1	1.085	1707	
YP_009795281.1	YP_004327453.1	1.326	1619	
YP_009795281.1	YP_004415121.1	2.155	1780	
YP_009795281.1	YP_004421714.1	3.961	1436	
YP_009795281.1	YP_004893945.1	1.9	1614	
YP_009795281.1	YP_004895248.1	1.329	1610	
YP_009795281.1	YP_004956963.1	3.957	1442	
YP_009795281.1	YP_004957778.1	1.329	1610	
YP_009795281.1	YP_006382394.1	0.796	2168	
YP_009795281.1	YP_006383230.1	1.247	1656	
YP_009795281.1	YP_006489055.1	2.088	1817	
YP_009795281.1	YP_006489269.1	1.305	1650	
YP_009795281.1	YP_006906343.1	0.349	2328	
YP_009795281.1	YP_006908222.1	3.983	1440	
YP_009795281.1	YP_006922.1	0.83	2204	
YP_009795281.1	YP_006986341.1	1.415	1754	
YP_009795281.1	YP_006986783.1	1.505	1837	
YP_009795281.1	YP_006986977.1	1.974	1602	
YP_009795281.1	YP_006987405.1	1.182	1778	
YP_009795281.1	YP_007001694.1	1.094	1678	
YP_009795281.1	YP_007001909.1	0.999	1617	
YP_009795281.1	YP_007002721.1	1.317	1597	
YP_009795281.1	YP_007004603.1	2.155	1780	
YP_009795281.1	YP_007004968.1	1.484	1829	
YP_009795281.1	YP_007005160.1	3.438	1765	
YP_009795281.1	YP_007006275.1	2.019	1593	
YP_009795281.1	YP_007007296.1	1.051	1723	
YP_009795281.1	YP_007008045.1	1.313	1601	
YP_009795281.1	YP_007010297.1	1.627	1803	
YP_009795281.1	YP_007236064.1	2.324	1815	
YP_009795281.1	YP_007236187.1	1.395	1625	
YP_009795281.1	YP_007237064.1	0.8	2192	
YP_009795281.1	YP_007348476.1	1.133	1701	
YP_009795281.1	YP_007348703.1	1.668	1798	
YP_009795281.1	YP_007349108.1	1.396	1627	
YP_009795281.1	YP_007673055.1	1.165	1690	
YP_009795281.1	YP_007673912.1	1.219	1679	
YP_009795281.1	YP_007674129.1	1.382	1637	
YP_009795281.1	YP_007674275.1	1.305	1613	
YP_009795281.1	YP_007674449.1	1.21	1733	
YP_009795281.1	YP_007675643.1	1.094	1812	
YP_009795281.1	YP_007677345.1	1.029	1761	
YP_009795281.1	YP_007877669.1	1.087	1728	
YP_009795281.1	YP_007877872.1	1.094	1731	
YP_009795281.1	YP_008060590.1	1.405	1750	
YP_009795281.1	YP_008125473.1	1.305	1794	
YP_009795281.1	YP_008125701.1	1.073	1700	
YP_009795281.1	YP_008126484.1	1.072	1722	
YP_009795281.1	YP_008130014.1	1.16	1687	
YP_009795281.1	YP_008530350.1	1.979	1593	
YP_009795281.1	YP_008531967.1	1.234	1550	
YP_009795281.1	YP_008770952.1	1.327	1618	
YP_009795281.1	YP_008771743.1	1.327	1618	
YP_009795281.1	YP_008857350.1	1.942	1607	
YP_009795281.1	YP_009004882.1	1.108	1727	
YP_009795281.1	YP_009005510.1	1.415	1746	
YP_009795281.1	YP_009006237.1	1.296	1828	
YP_009795281.1	YP_009008032.1	1.076	1637	
YP_009795281.1	YP_009008299.1	1.147	1701	
YP_009795281.1	YP_009008845.1	1.461	1410	
YP_009795281.1	YP_009011468.1	1.227	1792	
YP_009795281.1	YP_009012404.1	1.31	1679	
YP_009795281.1	YP_009015192.1	1.202	1617	
YP_009795281.1	YP_009021293.1	1.3	1606	
YP_009795281.1	YP_009030284.1	1.396	1674	
YP_009795281.1	YP_009030335.1	1.313	1601	
YP_009795281.1	YP_009031012.1	2.189	1617	
YP_009795281.1	YP_009031715.1	0.791	2175	
YP_009795281.1	YP_009037540.1	1.399	1771	
YP_009795281.1	YP_009042455.1	1.24	1654	
YP_009795281.1	YP_009056811.1	1.512	1839	
YP_009795281.1	YP_009097667.1	1.443	1745	
YP_009795281.1	YP_009098610.1	2.051	1559	
YP_009795281.1	YP_009100770.1	1.553	1847	
YP_009795281.1	YP_009101404.1	1.326	1619	
YP_009795281.1	YP_009101627.1	1.066	1727	
YP_009795281.1	YP_009102428.1	1.496	1844	
YP_009795281.1	YP_009102700.1	1.504	1830	
YP_009795281.1	YP_009102873.1	1.243	1550	
YP_009795281.1	YP_009103413.1	1.778	1644	
YP_009795281.1	YP_009111044.1	1.492	1848	
YP_009795281.1	YP_009118915.1	1.302	1877	
YP_009795281.1	YP_009126167.1	1.519	1794	
YP_009795281.1	YP_009133736.1	0.998	1639	
YP_009795281.1	YP_009140261.1	1.32	1611	
YP_009795281.1	YP_009140944.1	1.094	1708	
YP_009795281.1	YP_009145661.1	1.543	1702	
YP_009795281.1	YP_009146042.1	0.833	2187	
YP_009795281.1	YP_009146355.1	1.506	1757	
YP_009795281.1	YP_009146681.1	2.086	1762	
YP_009795281.1	YP_009147382.1	1.52	1779	
YP_009795281.1	YP_009147571.1	1.296	1581	
YP_009795281.1	YP_009147951.1	1.746	1920	
YP_009795281.1	YP_009148668.1	1.522	1841	
YP_009795281.1	YP_009148984.1	1.9	1614	
YP_009795281.1	YP_009149853.1	0.808	2195	
YP_009795281.1	YP_009150132.1	1.506	1757	
YP_009795281.1	YP_009150785.1	1.066	1728	
YP_009795281.1	YP_009151338.1	1.668	1673	
YP_009795281.1	YP_009153827.1	1.51	1854	
YP_009795281.1	YP_009168048.1	1.486	1841	
YP_009795281.1	YP_009169108.1	3.341	1781	
YP_009795281.1	YP_009169302.1	3.503	1766	
YP_009795281.1	YP_009177551.1	1.962	1589	
YP_009795281.1	YP_009187749.1	1.983	1617	
YP_009795281.1	YP_009188269.1	1.203	1752	
YP_009795281.1	YP_009188919.1	1.24	1654	
YP_009795281.1	YP_009190403.1	1.474	1831	
YP_009795281.1	YP_009190800.1	2.84	1787	
YP_009795281.1	YP_009194310.1	1.662	1797	
YP_009795281.1	YP_009194728.1	0.812	2151	
YP_009795281.1	YP_009194882.1	1.387	1808	
YP_009795281.1	YP_009195639.1	1.298	1729	
YP_009795281.1	YP_009197228.1	1.491	1842	
YP_009795281.1	YP_009199314.1	1.62	1806	
YP_009795281.1	YP_009200490.1	1.554	1875	
YP_009795281.1	YP_009200854.1	1.447	1658	
YP_009795281.1	YP_009201474.1	1.293	1826	
YP_009795281.1	YP_009202154.1	0.799	2188	
YP_009795281.1	YP_009202965.1	1.391	1753	
YP_009795281.1	YP_009203968.1	2.048	1752	
YP_009795281.1	YP_009205015.1	1.53	1775	
YP_009795281.1	YP_009205925.1	1.469	1803	
YP_009795281.1	YP_009207419.1	2.063	1788	
YP_009795281.1	YP_009209988.1	2.024	1777	
YP_009795281.1	YP_009210147.1	1.527	1854	
YP_009795281.1	YP_009210968.1	1.699	1661	
YP_009795281.1	YP_009211670.1	1.568	1863	
YP_009795281.1	YP_009213680.1	1.176	1698	
YP_009795281.1	YP_009214080.1	1.885	1723	
YP_009795281.1	YP_009218670.1	1.402	1742	
YP_009795281.1	YP_009219483.1	1.53	1775	
YP_009795281.1	YP_009225027.1	1.393	1774	
YP_009795281.1	YP_009280091.1	1.263	1790	
YP_009795281.1	YP_009280288.1	0.879	2188	
YP_009795281.1	YP_009281560.1	1.487	1844	
YP_009795281.1	YP_009283366.1	0.823	2199	
YP_009795281.1	YP_009283891.1	1.328	1609	
YP_009795281.1	YP_009286579.1	1.453	1771	
YP_009795281.1	YP_009288297.1	1.529	1779	
YP_009795281.1	YP_009288591.1	1.496	1852	
YP_009795281.1	YP_009288912.1	2.833	1785	
YP_009795281.1	YP_009289056.1	1.428	1768	
YP_009795281.1	YP_009289563.1	2.84	1787	
YP_009795281.1	YP_009290492.1	2.155	1780	
YP_009795281.1	YP_009293272.1	1.33	1611	
YP_009795281.1	YP_009301681.1	1.271	1737	
YP_009795281.1	YP_009302277.1	1.06	1773	
YP_009795281.1	YP_009320611.1	1.088	1702	
YP_009795281.1	YP_009320832.1	0.812	2186	
YP_009795281.1	YP_009321452.1	1.119	1706	
YP_009795281.1	YP_009322598.1	1.242	1743	
YP_009795281.1	YP_009323138.1	1.124	1795	
YP_009795281.1	YP_009323432.1	1.388	1754	
YP_009795281.1	YP_009323832.1	0.812	2186	
YP_009795281.1	YP_009324124.1	1.388	1745	
YP_009795281.1	YP_009324341.1	1.145	1779	
YP_009795281.1	YP_009324667.1	1.544	1776	
YP_009795281.1	YP_009325166.1	1.09	1745	
YP_009795281.1	YP_009592730.1	1.505	1829	
YP_009795281.1	YP_009593647.1	1.985	1593	
YP_009795281.1	YP_009593946.1	1.972	1591	
YP_009795281.1	YP_009594845.1	1.105	1824	
YP_009795281.1	YP_009595636.1	1.583	1670	
YP_009795281.1	YP_009595898.1	1.324	1785	
YP_009795281.1	YP_009597220.1	4.262	1567	
YP_009795281.1	YP_009597460.1	0.625	2043	
YP_009795281.1	YP_009599132.1	0.746	1832	
YP_009795281.1	YP_009599798.1	1.125	1733	
YP_009795281.1	YP_009600315.1	1.672	1675	
YP_009795281.1	YP_009600384.1	1.447	1658	
YP_009795281.1	YP_009602189.1	1.524	1935	
YP_009795281.1	YP_009602334.1	1.969	1590	
YP_009795281.1	YP_009605237.1	1.286	1674	
YP_009795281.1	YP_009605555.1	1.119	1736	
YP_009795281.1	YP_009605875.1	1.118	1730	
YP_009795281.1	YP_009606197.1	1.126	1738	
YP_009795281.1	YP_009606649.1	1.638	1813	
YP_009795281.1	YP_009606742.1	1.663	1554	
YP_009795281.1	YP_009606866.1	1.529	1779	
YP_009795281.1	YP_009606980.1	1.676	1798	
YP_009795281.1	YP_009609555.1	1.561	1836	
YP_009795281.1	YP_009612697.1	1.629	1812	
YP_009795281.1	YP_009614878.1	1.493	1811	
YP_009795281.1	YP_009615703.1	1.667	1886	
YP_009795281.1	YP_009616098.1	1.234	1545	
YP_009795281.1	YP_009617664.1	1.326	1619	
YP_009795281.1	YP_009618314.1	2.161	1786	
YP_009795281.1	YP_009618635.1	1.602	1806	
YP_009795281.1	YP_009618768.1	1.629	1812	
YP_009795281.1	YP_009619035.1	1.516	1840	
YP_009795281.1	YP_009619158.1	1.489	1846	
YP_009795281.1	YP_009620618.1	0.813	1998	
YP_009795281.1	YP_009621026.1	0.753	2256	
YP_009795281.1	YP_009621528.1	1.543	1711	
YP_009795281.1	YP_009621654.1	1.452	1665	
YP_009795281.1	YP_009621830.1	1.286	1674	
YP_009795281.1	YP_009623280.1	3.952	1441	
YP_009795281.1	YP_009623908.1	1.344	1199	
YP_009795281.1	YP_009625023.1	1.871	1782	
YP_009795281.1	YP_009778353.1	1.135	1655	
YP_009795281.1	YP_009778641.1	1.035	1720	
YP_009795281.1	YP_009778918.1	1.037	1725	
YP_009795281.1	YP_009779161.1	1.043	1714	
YP_009795281.1	YP_009779373.1	1.143	1677	
YP_009795281.1	YP_009779799.1	1.124	1739	
YP_009795281.1	YP_009780017.1	1.124	1739	
YP_009795281.1	YP_009783102.1	1.039	1761	
YP_009795281.1	YP_009783314.1	1.226	1689	
YP_009795281.1	YP_009784922.1	0.808	2195	
YP_009795281.1	YP_009785326.1	0.821	2215	
YP_009795281.1	YP_009790080.1	0.861	2186	
YP_009795281.1	YP_009790310.1	1.25	1567	
YP_009795281.1	YP_009790739.1	1.373	1593	
YP_009795281.1	YP_009790967.1	0.782	2175	
YP_009795281.1	YP_009791336.1	1.169	1752	
YP_009795281.1	YP_009791457.1	1.127	1665	
YP_009795281.1	YP_009792534.1	0.838	2195	
YP_009795281.1	YP_009794639.1	0.789	2175	
YP_009795281.1	YP_009794927.1	0.82	2189	
YP_009795281.1	YP_009795093.1	0.79	2178	
YP_009795281.1	YP_009796478.1	1.235	1550	
YP_009795281.1	YP_009798792.1	1.235	1550	
YP_009795281.1	YP_009802245.1	0.789	2177	
YP_009795281.1	YP_009804188.1	0.837	2211	
YP_009795281.1	YP_009804383.1	0.815	2190	
YP_009795281.1	YP_009804522.1	0.816	2175	
YP_009795281.1	YP_009804848.1	0.815	2190	
YP_009795281.1	YP_009805013.1	0.804	2175	
YP_009795281.1	YP_009805178.1	0.837	2211	
YP_009795281.1	YP_009805340.1	0.813	2186	
YP_009795281.1	YP_009805490.1	0.792	2177	
YP_009795281.1	YP_009805638.1	0.82	2194	
YP_009795281.1	YP_009805785.1	0.804	2175	
YP_009795281.1	YP_009805952.1	0.816	2191	
YP_009795281.1	YP_009806116.1	0.886	2211	
YP_009795281.1	YP_009806452.1	1.115	1762	
YP_009795281.1	YP_009808541.1	1.139	1743	
YP_009795281.1	YP_009810888.1	1.164	1685	
YP_009795281.1	YP_009812245.1	0.808	2163	
YP_009795281.1	YP_009814649.1	0.805	1986	
YP_009795281.1	YP_009815029.1	0.808	2182	
YP_009795281.1	YP_009816113.1	1.1	1738	
YP_009795281.1	YP_009816757.1	0.854	2210	
YP_009795281.1	YP_009818967.1	0.813	2187	
YP_009795281.1	YP_009819374.1	0.849	2226	
YP_009795281.1	YP_009819550.1	1.156	1757	
YP_009795281.1	YP_009822035.1	1.251	1637	
YP_009795281.1	YP_009822394.1	1.238	1551	
YP_009795281.1	YP_009824324.1	0.845	2216	
YP_009795281.1	YP_009824553.1	0.792	2177	
YP_009795281.1	YP_009829742.1	0.782	2169	
YP_009795281.1	YP_009831082.1	1.429	1772	
YP_009795281.1	YP_009831363.1	1.391	1767	
YP_009795281.1	YP_009832629.1	1.983	1617	
YP_009795281.1	YP_009833081.1	0.929	1613	
YP_009795281.1	YP_009833387.1	1.193	1644	
YP_009795281.1	YP_009834319.1	1.597	1798	
YP_009795281.1	YP_009834950.1	1.604	1799	
YP_009795281.1	YP_009835774.1	1.986	1616	
YP_009795281.1	YP_009836863.1	1.897	1669	
YP_009795281.1	YP_009837668.1	1.463	1733	
YP_009795281.1	YP_009841428.1	0.801	2188	
YP_009795281.1	YP_009842001.1	1.392	1620	
YP_009795281.1	YP_009842338.1	2.115	1635	
YP_009795281.1	YP_009843414.1	0.795	2183	
YP_009795281.1	YP_009845314.1	0.814	2188	
YP_009795281.1	YP_009845680.1	1.208	1618	
YP_009795281.1	YP_009846310.1	1.123	1799	
YP_009795281.1	YP_009846528.1	1.123	1799	
YP_009795281.1	YP_009846755.1	1.123	1799	
YP_009795281.1	YP_009846987.1	1.123	1799	
YP_009795281.1	YP_009848075.1	0.835	2185	
YP_009795281.1	YP_009848558.1	0.833	2214	
YP_009795281.1	YP_009848637.1	0.804	2178	
YP_009795281.1	YP_009849625.1	0.79	2177	
YP_009795281.1	YP_009849773.1	0.803	2169	
YP_009795281.1	YP_009850425.1	2.044	1756	
YP_009795281.1	YP_009850551.1	1.374	1593	
YP_009795281.1	YP_009850815.1	1.66	1663	
YP_009795281.1	YP_009851166.1	1.421	1693	
YP_009795281.1	YP_009851777.1	0.836	2189	
YP_009795281.1	YP_009852009.1	0.854	2209	
YP_009795281.1	YP_009852287.1	0.864	2217	
YP_009795281.1	YP_009853024.1	0.804	2190	
YP_009795281.1	YP_009853129.1	0.857	2220	
YP_009795281.1	YP_009854077.1	1.207	1744	
YP_009795281.1	YP_009855577.1	1.362	1591	
YP_009795281.1	YP_009855943.1	1.555	1835	
YP_009795281.1	YP_009856493.1	0.791	2176	
YP_009795281.1	YP_009856667.1	0.788	2173	
YP_009795281.1	YP_009856909.1	0.791	2176	
YP_009795281.1	YP_009857068.1	0.752	2157	
YP_009795281.1	YP_009857243.1	0.789	2175	
YP_009795281.1	YP_009857512.1	1.168	1637	
YP_009795281.1	YP_009857815.1	0.79	2177	
YP_009795281.1	YP_009857966.1	0.808	2165	
YP_009795281.1	YP_009858130.1	0.854	2210	
YP_009795281.1	YP_009858294.1	0.849	2223	
YP_009795281.1	YP_009858456.1	0.835	2185	
YP_009795281.1	YP_009858621.1	0.827	2203	
YP_009795281.1	YP_009858785.1	0.828	2181	
YP_009795281.1	YP_009858963.1	0.852	2205	
YP_009795281.1	YP_009859184.1	1.981	1616	
YP_009795281.1	YP_009876116.1	1.304	1607	
YP_009795281.1	YP_009876565.1	1.328	1609	
YP_009795281.1	YP_009877100.1	1.321	1608	
YP_009795281.1	YP_009877685.1	1.32	1609	
YP_009795281.1	YP_009879494.1	1.329	1610	
YP_009795281.1	YP_009879763.1	1.317	1603	
YP_009795281.1	YP_009879916.1	1.36	1663	
YP_009795281.1	YP_009880029.1	1.338	1650	
YP_009795281.1	YP_009880200.1	1.292	1610	
YP_009795281.1	YP_009880643.1	1.329	1610	
YP_009795281.1	YP_009880989.1	1.448	1594	
YP_009795281.1	YP_009881183.1	1.326	1613	
YP_009795281.1	YP_009881383.1	1.32	1609	
YP_009795281.1	YP_009881481.1	1.447	1597	
YP_009795281.1	YP_009881863.1	1.302	1593	
YP_009795281.1	YP_009882192.1	1.479	1599	
YP_009795281.1	YP_009882929.1	1.318	1607	
YP_009795281.1	YP_009883204.1	1.326	1617	
YP_009795281.1	YP_009883557.1	1.232	1547	
YP_009795281.1	YP_009883944.1	1.67	1788	
YP_009795281.1	YP_009884618.1	1.234	1550	
YP_009795281.1	YP_009885404.1	1.444	1594	
YP_009795281.1	YP_009886248.1	1.405	1681	
YP_009795281.1	YP_009886494.1	1.445	1592	
YP_009795281.1	YP_009886745.1	1.49	1604	
YP_009795281.1	YP_009886992.1	1.444	1594	
YP_009795281.1	YP_009887131.1	1.532	1767	
YP_009795281.1	YP_009887432.1	1.329	1610	
YP_009795281.1	YP_009887625.1	1.324	1609	
YP_009795281.1	YP_009887808.1	1.303	1613	
YP_009795281.1	YP_009888012.1	1.319	1609	
YP_009795281.1	YP_009888214.1	1.325	1612	
YP_009795281.1	YP_009888417.1	1.325	1612	
YP_009795281.1	YP_009888622.1	1.33	1609	
YP_009795281.1	YP_009888824.1	1.329	1610	
YP_009795281.1	YP_009889033.1	1.327	1613	
YP_009795281.1	YP_009889231.1	1.295	1609	
YP_009795281.1	YP_009889435.1	1.318	1611	
YP_009795281.1	YP_009889852.1	1.513	1640	
YP_009795281.1	YP_009890068.1	1.296	1589	
YP_009795281.1	YP_009948819.1	1.329	1610	
YP_009795281.1	YP_009966239.1	1.969	1614	
YP_009795281.1	YP_009966549.1	1.318	1603	
YP_009795281.1	YP_009984435.1	1.284	1664	
YP_009795281.1	YP_009984770.1	1.285	1665	
YP_009795281.1	YP_009984952.1	1.142	1702	
YP_009795281.1	YP_009985301.1	1.312	1679	
YP_009795281.1	YP_009985540.1	1.142	1701	
YP_009795281.1	YP_009985664.1	1.312	1679	
YP_009795281.1	YP_009985902.1	1.142	1701	
YP_009795281.1	YP_009986580.1	1.133	1699	
YP_009795281.1	YP_009986828.1	1.142	1701	
YP_009795281.1	YP_009987116.1	1.133	1699	
YP_009795281.1	YP_009987277.1	1.312	1679	
YP_009795281.1	YP_010065287.1	1.526	1843	
YP_009795281.1	YP_010065596.1	1.496	1852	
YP_009795281.1	YP_010065869.1	1.489	1842	
YP_009795281.1	YP_010066018.1	1.518	1846	
YP_009795281.1	YP_010066178.1	1.476	1825	
YP_009795281.1	YP_010066427.1	1.521	1841	
YP_009795281.1	YP_010066876.1	1.486	1840	
YP_009795281.1	YP_010067109.1	1.475	1831	
YP_009795281.1	YP_010067374.1	1.548	1834	
YP_009795281.1	YP_010067644.1	1.494	1832	
YP_009795281.1	YP_010067908.1	1.487	1831	
YP_009795281.1	YP_010068135.1	2.157	1781	
YP_009795281.1	YP_010068462.1	1.543	1830	
YP_009795281.1	YP_010068914.1	1.747	1890	
YP_009795281.1	YP_010069249.1	1.486	1840	
YP_009795281.1	YP_010069789.1	1.511	1832	
YP_009795281.1	YP_010070055.1	1.486	1843	
YP_009795281.1	YP_010070331.1	1.487	1841	
YP_009795281.1	YP_010070607.1	1.486	1843	
YP_009795281.1	YP_010070881.1	1.491	1846	
YP_009795281.1	YP_010070996.1	2.281	1816	
YP_009795281.1	YP_010071431.1	2.309	1839	
YP_009795281.1	YP_010071700.1	1.486	1841	
YP_009795281.1	YP_010071975.1	2.289	1847	
YP_009795281.1	YP_010072240.1	1.506	1832	
YP_009795281.1	YP_010072518.1	1.488	1842	
YP_009795281.1	YP_010073144.1	1.5	1843	
YP_009795281.1	YP_010073603.1	2.155	1780	
YP_009795281.1	YP_010073879.1	1.485	1848	
YP_009795281.1	YP_010074067.1	2.157	1781	
YP_009795281.1	YP_010074430.1	1.485	1840	
YP_009795281.1	YP_010074540.1	2.157	1781	
YP_009795281.1	YP_010074949.1	1.486	1840	
YP_009795281.1	YP_010075767.1	1.493	1847	
YP_009795281.1	YP_010076032.1	1.486	1843	
YP_009795281.1	YP_010076426.1	1.513	1845	
YP_009795281.1	YP_010076843.1	1.497	1839	
YP_009795281.1	YP_010077219.1	1.489	1842	
YP_009795281.1	YP_010077464.1	2.157	1781	
YP_009795281.1	YP_010077938.1	1.42	1682	
YP_009795281.1	YP_010088296.1	1.621	1981	
YP_009795281.1	YP_010088836.1	1.136	1710	
YP_009795281.1	YP_010089556.1	2.841	1780	
YP_009795281.1	YP_010089828.1	1.356	1838	
YP_009795281.1	YP_010090064.1	1.528	1846	
YP_009795281.1	YP_010090377.1	1.055	1695	
YP_009795281.1	YP_010090485.1	1.345	1828	
YP_009795281.1	YP_010090943.1	1.57	1826	
YP_009795281.1	YP_010091260.1	1.512	1836	
YP_009795281.1	YP_010091532.1	1.487	1844	
YP_009795281.1	YP_010091847.1	1.993	1790	
YP_009795281.1	YP_010092094.1	1.279	1706	
YP_009795281.1	YP_010092385.1	1.542	1826	
YP_009795281.1	YP_010092794.1	1.644	1763	
YP_009795281.1	YP_010093279.1	1.403	1774	
YP_009795281.1	YP_010093576.1	1.397	1775	
YP_009795281.1	YP_010094189.1	1.388	1754	
YP_009795281.1	YP_010094461.1	1.517	1835	
YP_009795281.1	YP_010094720.1	1.695	1744	
YP_009795281.1	YP_010095191.1	2.431	1679	
YP_009795281.1	YP_010095327.1	1.037	1731	
YP_009795281.1	YP_010096208.1	2.206	1823	
YP_009795281.1	YP_010096480.1	1.427	1774	
YP_009795281.1	YP_010097252.1	1.394	1809	
YP_009795281.1	YP_010097780.1	1.164	1723	
YP_009795281.1	YP_010098462.1	2.693	1697	
YP_009795281.1	YP_010099689.1	1.489	1842	
YP_009795281.1	YP_010099952.1	1.68	1676	
YP_009795281.1	YP_010100362.1	1.397	1754	
YP_009795281.1	YP_010106022.1	1.474	1834	
YP_009795281.1	YP_010114031.1	0.894	1954	
YP_009795281.1	YP_010228732.1	1.616	1894	
YP_009795281.1	YP_010247083.1	1.737	1775	
YP_009795281.1	YP_010278352.1	2.145	1778	
YP_009795281.1	YP_010355334.1	1.09	1666	
YP_009795281.1	YP_010355557.1	1.09	1703	
YP_009795281.1	YP_010355776.1	1.089	1703	
YP_009795281.1	YP_010650206.1	1.489	1835	
YP_009795281.1	YP_010650490.1	1.521	1853	
YP_009795281.1	YP_010650788.1	1.521	1853	
YP_009795281.1	YP_010651104.1	2.035	1780	
YP_009795281.1	YP_010656612.1	1.101	1777	
YP_009795281.1	YP_010656740.1	1.689	1625	
YP_009795281.1	YP_010665627.1	1.22	1632	
YP_009795281.1	YP_010665870.1	1.376	1729	
YP_009795281.1	YP_010667683.1	1.425	1698	
YP_009795281.1	YP_010667953.1	1.136	1629	
YP_009795281.1	YP_010668343.1	1.12	1734	
YP_009795281.1	YP_010668918.1	1.114	1729	
YP_009795281.1	YP_010669215.1	1.403	1549	
YP_009795281.1	YP_010669355.1	1.286	1708	
YP_009795281.1	YP_010669588.1	1.155	1780	
YP_009795281.1	YP_010669794.2	1.134	1760	
YP_009795281.1	YP_010670242.1	1.107	1799	
YP_009795281.1	YP_010670336.1	1.218	1795	
YP_009795281.1	YP_010670542.1	1.414	1553	
YP_009795281.1	YP_010672221.1	1.17	1635	
YP_009795281.1	YP_010672339.1	1.17	1635	
YP_009795281.1	YP_010675871.1	1.283	1749	
YP_009795281.1	YP_010676210.1	1.479	1685	
YP_009795281.1	YP_010676723.1	1.368	1693	
YP_009795281.1	YP_010678631.1	0.856	2172	
YP_009795281.1	YP_010678974.1	1.639	1552	
YP_009795281.1	YP_010843065.1	1.051	1723	
YP_009795281.1	YP_010844138.1	2.032	1749	
YP_009795281.1	YP_195186.1	1.257	1665	
YP_009795281.1	YP_214440.1	1.237	1674	
YP_009795281.1	YP_214728.1	1.02	1694	
YP_009795281.1	YP_239041.1	1.443	1745	
YP_009795281.1	YP_717864.1	1.057	1648	
YP_009795281.1	YP_803166.1	1.457	1786	
YP_009225596.1	YP_009225596.1	0.0	2015	
YP_009225596.1	NP_858950.1	0.783	528	
YP_009225596.1	NP_859005.1	1.557	840	
YP_009225596.1	NP_891611.1	0.941	672	
YP_009225596.1	NP_944955.1	1.382	863	
YP_009225596.1	NP_944978.1	1.612	846	
YP_009225596.1	NP_945017.1	1.156	806	
YP_009225596.1	YP_001110809.2	1.222	831	
YP_009225596.1	YP_001285555.1	1.526	695	
YP_009225596.1	YP_001285722.1	1.661	887	
YP_009225596.1	YP_001595431.1	2.316	805	
YP_009225596.1	YP_001595442.1	1.225	765	
YP_009225596.1	YP_001671776.1	1.312	709	
YP_009225596.1	YP_001742083.1	0.779	397	
YP_009225596.1	YP_001950208.1	1.658	957	
YP_009225596.1	YP_002274239.1	1.216	863	
YP_009225596.1	YP_002456113.1	1.588	847	
YP_009225596.1	YP_002898939.1	2.7	964	
YP_009225596.1	YP_002898982.1	1.807	839	
YP_009225596.1	YP_002922077.1	1.148	694	
YP_009225596.1	YP_002922177.1	0.905	705	
YP_009225596.1	YP_002922621.1	1.576	804	
YP_009225596.1	YP_002922670.1	2.351	859	
YP_009225596.1	YP_002922896.1	1.534	842	
YP_009225596.1	YP_003881.1	1.44	769	
YP_009225596.1	YP_003930.1	3.303	716	
YP_009225596.1	YP_003937.1	1.656	766	
YP_009225596.1	YP_004306527.1	2.479	908	
YP_009225596.1	YP_004306570.1	1.354	815	
YP_009225596.1	YP_004782150.1	2.103	696	
YP_009225596.1	YP_004782171.1	1.46	879	
YP_009225596.1	YP_004893900.1	1.393	878	
YP_009225596.1	YP_004894038.1	3.019	775	
YP_009225596.1	YP_005098098.1	1.09	812	
YP_009225596.1	YP_006382395.1	1.354	815	
YP_009225596.1	YP_006382410.1	2.3	753	
YP_009225596.1	YP_006874.1	2.447	895	
YP_009225596.1	YP_006879.1	1.091	807	
YP_009225596.1	YP_006908817.1	1.47	879	
YP_009225596.1	YP_006908910.1	1.416	778	
YP_009225596.1	YP_006948.1	1.152	811	
YP_009225596.1	YP_006986301.1	1.606	820	
YP_009225596.1	YP_006986342.1	3.345	835	
YP_009225596.1	YP_006987605.1	1.882	943	
YP_009225596.1	YP_006987710.1	0.813	660	
YP_009225596.1	YP_006987849.1	1.65	709	
YP_009225596.1	YP_006987880.1	1.965	636	
YP_009225596.1	YP_006988067.1	2.391	850	
YP_009225596.1	YP_006989901.1	2.391	850	
YP_009225596.1	YP_007002059.1	2.488	934	
YP_009225596.1	YP_007111810.1	1.703	757	
YP_009225596.1	YP_007111836.1	1.96	952	
YP_009225596.1	YP_007112225.1	1.446	622	
YP_009225596.1	YP_007237070.1	1.797	853	
YP_009225596.1	YP_007237081.1	0.979	792	
YP_009225596.1	YP_007348875.1	3.023	823	
YP_009225596.1	YP_007392463.1	2.653	860	
YP_009225596.1	YP_007392473.1	1.957	910	
YP_009225596.1	YP_007392559.1	2.175	515	
YP_009225596.1	YP_007392627.1	1.523	896	
YP_009225596.1	YP_007392634.1	1.823	673	
YP_009225596.1	YP_007674105.1	1.837	895	
YP_009225596.1	YP_008058218.1	1.432	766	
YP_009225596.1	YP_008058248.1	1.756	755	
YP_009225596.1	YP_008532041.1	1.456	840	
YP_009225596.1	YP_008767207.1	1.229	832	
YP_009225596.1	YP_008767213.1	1.538	715	
YP_009225596.1	YP_008770979.1	2.278	858	
YP_009225596.1	YP_008771771.1	2.278	858	
YP_009225596.1	YP_008853817.1	1.015	741	
YP_009225596.1	YP_008873228.1	1.505	893	
YP_009225596.1	YP_009004766.1	2.061	840	
YP_009225596.1	YP_009007668.1	1.048	318	
YP_009225596.1	YP_009018654.1	1.913	702	
YP_009225596.1	YP_009018673.1	1.632	702	
YP_009225596.1	YP_009021313.1	2.278	858	
YP_009225596.1	YP_009041235.1	1.014	284	
YP_009225596.1	YP_009041447.1	1.014	284	
YP_009225596.1	YP_009055342.1	2.23	902	
YP_009225596.1	YP_009055554.1	1.398	909	
YP_009225596.1	YP_009056057.1	2.254	893	
YP_009225596.1	YP_009056518.1	2.23	902	
YP_009225596.1	YP_009056538.1	2.369	619	
YP_009225596.1	YP_009056562.1	1.877	630	
YP_009225596.1	YP_009098147.1	1.014	284	
YP_009225596.1	YP_009098369.1	1.032	740	
YP_009225596.1	YP_009098386.1	1.702	676	
YP_009225596.1	YP_009113223.1	1.47	879	
YP_009225596.1	YP_009118746.1	1.884	733	
YP_009225596.1	YP_009143146.1	2.534	921	
YP_009225596.1	YP_009145649.1	1.262	803	
YP_009225596.1	YP_009146338.1	1.262	812	
YP_009225596.1	YP_009147374.1	2.152	880	
YP_009225596.1	YP_009147398.1	1.029	793	
YP_009225596.1	YP_009148894.1	3.019	775	
YP_009225596.1	YP_009149028.1	1.393	878	
YP_009225596.1	YP_009151329.1	2.194	876	
YP_009225596.1	YP_009167675.1	1.649	518	
YP_009225596.1	YP_009167690.1	1.741	713	
YP_009225596.1	YP_009167698.1	6.613	624	
YP_009225596.1	YP_009189036.1	1.969	934	
YP_009225596.1	YP_009189360.1	1.588	808	
YP_009225596.1	YP_009189851.1	1.791	807	
YP_009225596.1	YP_009190499.1	1.791	807	
YP_009225596.1	YP_009191557.1	1.842	741	
YP_009225596.1	YP_009191564.1	1.459	778	
YP_009225596.1	YP_009194301.1	0.903	658	
YP_009225596.1	YP_009194682.1	1.091	817	
YP_009225596.1	YP_009194718.1	1.948	757	
YP_009225596.1	YP_009194740.1	2.287	753	
YP_009225596.1	YP_009194754.1	1.409	841	
YP_009225596.1	YP_009194793.1	1.29	819	
YP_009225596.1	YP_009195365.1	1.565	656	
YP_009225596.1	YP_009196861.1	1.61	671	
YP_009225596.1	YP_009199327.1	1.17	809	
YP_009225596.1	YP_009199435.1	1.364	964	
YP_009225596.1	YP_009199917.1	1.048	742	
YP_009225596.1	YP_009202129.1	1.132	795	
YP_009225596.1	YP_009202206.1	1.762	858	
YP_009225596.1	YP_009203031.1	3.191	802	
YP_009225596.1	YP_009203679.1	0.789	491	
YP_009225596.1	YP_009204996.1	0.941	913	
YP_009225596.1	YP_009205007.1	2.193	882	
YP_009225596.1	YP_009211081.1	1.362	964	
YP_009225596.1	YP_009219324.1	1.775	838	
YP_009225596.1	YP_009280246.1	1.09	817	
YP_009225596.1	YP_009280278.1	1.949	757	
YP_009225596.1	YP_009280300.1	2.288	753	
YP_009225596.1	YP_009280312.1	1.169	824	
YP_009225596.1	YP_009283362.1	1.73	876	
YP_009225596.1	YP_009283393.1	1.742	866	
YP_009225596.1	YP_009283462.1	1.467	833	
YP_009225596.1	YP_009283469.1	1.283	819	
YP_009225596.1	YP_009283483.1	1.58	852	
YP_009225596.1	YP_009286788.1	2.004	668	
YP_009225596.1	YP_009288651.1	1.791	807	
YP_009225596.1	YP_009289610.1	1.747	849	
YP_009225596.1	YP_009322218.1	1.468	887	
YP_009225596.1	YP_009322240.1	1.116	732	
YP_009225596.1	YP_009322260.1	1.345	829	
YP_009225596.1	YP_009322715.1	1.224	806	
YP_009225596.1	YP_009322781.1	1.661	872	
YP_009225596.1	YP_009324680.1	0.999	812	
YP_009225596.1	YP_009594146.1	1.439	769	
YP_009225596.1	YP_009594193.1	3.3	716	
YP_009225596.1	YP_009594201.1	1.654	766	
YP_009225596.1	YP_009597586.1	0.889	762	
YP_009225596.1	YP_009598238.1	1.791	807	
YP_009225596.1	YP_009600222.1	2.631	719	
YP_009225596.1	YP_009600329.1	1.029	793	
YP_009225596.1	YP_009600371.1	1.028	793	
YP_009225596.1	YP_009600392.1	1.58	838	
YP_009225596.1	YP_009600404.1	1.464	905	
YP_009225596.1	YP_009600570.1	1.928	942	
YP_009225596.1	YP_009601349.1	2.536	921	
YP_009225596.1	YP_009601910.1	1.255	892	
YP_009225596.1	YP_009604524.1	1.928	942	
YP_009225596.1	YP_009604609.1	1.506	782	
YP_009225596.1	YP_009606728.1	1.562	844	
YP_009225596.1	YP_009608613.1	1.223	845	
YP_009225596.1	YP_009610309.1	1.683	815	
YP_009225596.1	YP_009610358.1	1.686	816	
YP_009225596.1	YP_009612715.1	1.674	980	
YP_009225596.1	YP_009613615.1	2.085	922	
YP_009225596.1	YP_009614670.1	2.464	982	
YP_009225596.1	YP_009615840.1	1.905	864	
YP_009225596.1	YP_009615862.1	1.644	741	
YP_009225596.1	YP_009616793.1	1.456	829	
YP_009225596.1	YP_009616848.1	0.852	822	
YP_009225596.1	YP_009617636.1	2.278	858	
YP_009225596.1	YP_009618034.1	1.607	764	
YP_009225596.1	YP_009618041.1	1.719	779	
YP_009225596.1	YP_009618049.1	1.57	702	
YP_009225596.1	YP_009621547.1	1.234	815	
YP_009225596.1	YP_009621673.1	0.964	912	
YP_009225596.1	YP_009624647.1	1.81	811	
YP_009225596.1	YP_009625534.1	2.025	677	
YP_009225596.1	YP_009625540.1	1.167	766	
YP_009225596.1	YP_009780206.1	1.014	284	
YP_009225596.1	YP_009780487.1	1.014	284	
YP_009225596.1	YP_009780698.1	1.014	284	
YP_009225596.1	YP_009780719.1	1.014	284	
YP_009225596.1	YP_009780911.1	1.014	284	
YP_009225596.1	YP_009780931.1	1.014	284	
YP_009225596.1	YP_009781143.1	1.014	284	
YP_009225596.1	YP_009781164.1	1.014	284	
YP_009225596.1	YP_009781376.1	1.014	284	
YP_009225596.1	YP_009781397.1	1.014	284	
YP_009225596.1	YP_009781609.1	1.014	284	
YP_009225596.1	YP_009781629.1	1.014	284	
YP_009225596.1	YP_009781840.1	1.014	284	
YP_009225596.1	YP_009781861.1	1.014	284	
YP_009225596.1	YP_009782072.1	1.014	284	
YP_009225596.1	YP_009782247.1	1.013	284	
YP_009225596.1	YP_009782526.1	1.014	284	
YP_009225596.1	YP_009782775.1	1.013	284	
YP_009225596.1	YP_009784802.1	1.633	692	
YP_009225596.1	YP_009785229.1	1.726	881	
YP_009225596.1	YP_009785258.1	1.428	838	
YP_009225596.1	YP_009785298.1	1.167	813	
YP_009225596.1	YP_009785309.1	2.179	865	
YP_009225596.1	YP_009785704.1	1.132	744	
YP_009225596.1	YP_009785726.1	2.014	672	
YP_009225596.1	YP_009787567.1	1.292	700	
YP_009225596.1	YP_009787575.1	1.233	744	
YP_009225596.1	YP_009789342.1	1.722	687	
YP_009225596.1	YP_009789933.1	2.868	856	
YP_009225596.1	YP_009789936.1	1.668	721	
YP_009225596.1	YP_009789966.1	2.089	696	
YP_009225596.1	YP_009790075.1	1.777	749	
YP_009225596.1	YP_009790079.1	1.542	821	
YP_009225596.1	YP_009790084.1	1.27	820	
YP_009225596.1	YP_009790222.1	4.396	560	
YP_009225596.1	YP_009790232.1	2.12	670	
YP_009225596.1	YP_009791075.1	2.448	905	
YP_009225596.1	YP_009791456.1	1.407	782	
YP_009225596.1	YP_009791941.1	1.144	885	
YP_009225596.1	YP_009791985.1	2.409	701	
YP_009225596.1	YP_009791994.1	1.524	694	
YP_009225596.1	YP_009792002.1	2.378	938	
YP_009225596.1	YP_009792136.1	1.623	776	
YP_009225596.1	YP_009792470.1	1.95	726	
YP_009225596.1	YP_009792508.1	1.15	805	
YP_009225596.1	YP_009792593.1	1.481	844	
YP_009225596.1	YP_009794524.1	2.479	908	
YP_009225596.1	YP_009794575.1	1.344	843	
YP_009225596.1	YP_009794643.1	1.285	823	
YP_009225596.1	YP_009794957.1	1.822	773	
YP_009225596.1	YP_009795738.1	1.881	660	
YP_009225596.1	YP_009795744.1	1.756	689	
YP_009225596.1	YP_009798591.1	2.022	683	
YP_009225596.1	YP_009798598.1	2.033	623	
YP_009225596.1	YP_009798615.1	1.96	647	
YP_009225596.1	YP_009802196.1	2.053	877	
YP_009225596.1	YP_009802215.1	1.219	802	
YP_009225596.1	YP_009802267.1	1.161	811	
YP_009225596.1	YP_009802570.1	4.346	560	
YP_009225596.1	YP_009804187.1	1.124	645	
YP_009225596.1	YP_009804558.1	1.579	874	
YP_009225596.1	YP_009804592.1	1.705	846	
YP_009225596.1	YP_009804820.1	1.986	790	
YP_009225596.1	YP_009805177.1	1.124	645	
YP_009225596.1	YP_009805338.1	1.401	834	
YP_009225596.1	YP_009805397.1	1.849	868	
YP_009225596.1	YP_009805553.1	1.514	831	
YP_009225596.1	YP_009805615.1	1.854	878	
YP_009225596.1	YP_009805624.1	1.028	806	
YP_009225596.1	YP_009805626.1	2.286	776	
YP_009225596.1	YP_009805701.1	1.68	848	
YP_009225596.1	YP_009805922.1	2.518	834	
YP_009225596.1	YP_009806113.1	1.325	814	
YP_009225596.1	YP_009806115.1	1.415	767	
YP_009225596.1	YP_009806166.1	2.438	906	
YP_009225596.1	YP_009806181.1	1.678	833	
YP_009225596.1	YP_009811827.1	2.057	698	
YP_009225596.1	YP_009811834.1	1.171	766	
YP_009225596.1	YP_009811945.1	1.168	766	
YP_009225596.1	YP_009812105.1	1.17	766	
YP_009225596.1	YP_009812277.1	2.122	794	
YP_009225596.1	YP_009813418.1	1.663	799	
YP_009225596.1	YP_009816201.1	1.567	536	
YP_009225596.1	YP_009816686.1	1.68	848	
YP_009225596.1	YP_009817135.1	2.028	677	
YP_009225596.1	YP_009817187.1	1.408	681	
YP_009225596.1	YP_009817284.1	1.158	762	
YP_009225596.1	YP_009817300.1	1.771	858	
YP_009225596.1	YP_009817340.1	1.751	849	
YP_009225596.1	YP_009817349.1	2.254	774	
YP_009225596.1	YP_009819309.1	1.475	813	
YP_009225596.1	YP_009819314.1	1.676	886	
YP_009225596.1	YP_009819402.1	1.179	796	
YP_009225596.1	YP_009819407.1	1.434	867	
YP_009225596.1	YP_009824327.1	1.369	826	
YP_009225596.1	YP_009824339.1	2.347	748	
YP_009225596.1	YP_009824352.1	1.464	845	
YP_009225596.1	YP_009824600.1	2.438	906	
YP_009225596.1	YP_009824873.1	1.699	687	
YP_009225596.1	YP_009824913.1	2.36	737	
YP_009225596.1	YP_009824939.1	1.831	678	
YP_009225596.1	YP_009824941.1	1.776	726	
YP_009225596.1	YP_009829694.1	2.474	907	
YP_009225596.1	YP_009829768.1	1.159	802	
YP_009225596.1	YP_009831423.1	1.717	839	
YP_009225596.1	YP_009832256.1	1.984	924	
YP_009225596.1	YP_009832275.1	1.251	805	
YP_009225596.1	YP_009832284.1	2.317	799	
YP_009225596.1	YP_009832303.1	1.173	785	
YP_009225596.1	YP_009832375.1	1.242	804	
YP_009225596.1	YP_009832384.1	2.311	799	
YP_009225596.1	YP_009832404.1	1.16	782	
YP_009225596.1	YP_009832896.1	1.175	786	
YP_009225596.1	YP_009832921.1	1.288	858	
YP_009225596.1	YP_009837887.1	1.21	771	
YP_009225596.1	YP_009837905.1	2.314	799	
YP_009225596.1	YP_009837914.1	1.252	805	
YP_009225596.1	YP_009841424.1	1.268	825	
YP_009225596.1	YP_009842467.1	1.957	938	
YP_009225596.1	YP_009843358.1	1.096	819	
YP_009225596.1	YP_009843440.1	1.18	815	
YP_009225596.1	YP_009847359.1	1.134	847	
YP_009225596.1	YP_009847523.1	1.134	847	
YP_009225596.1	YP_009848074.1	1.337	813	
YP_009225596.1	YP_009848559.1	1.448	849	
YP_009225596.1	YP_009848636.1	1.444	828	
YP_009225596.1	YP_009849557.1	1.541	862	
YP_009225596.1	YP_009849621.1	1.269	821	
YP_009225596.1	YP_009849650.1	1.158	813	
YP_009225596.1	YP_009849712.1	1.352	829	
YP_009225596.1	YP_009849730.1	1.233	820	
YP_009225596.1	YP_009849774.1	1.353	815	
YP_009225596.1	YP_009851832.1	2.448	905	
YP_009225596.1	YP_009852012.1	1.346	831	
YP_009225596.1	YP_009852288.1	1.126	646	
YP_009225596.1	YP_009852959.1	1.49	831	
YP_009225596.1	YP_009852975.1	2.473	907	
YP_009225596.1	YP_009853049.1	1.134	797	
YP_009225596.1	YP_009853128.1	1.124	645	
YP_009225596.1	YP_009856427.1	1.443	832	
YP_009225596.1	YP_009856443.1	2.473	907	
YP_009225596.1	YP_009856606.1	1.451	830	
YP_009225596.1	YP_009856668.1	1.461	764	
YP_009225596.1	YP_009856729.1	1.506	844	
YP_009225596.1	YP_009857005.1	1.349	825	
YP_009225596.1	YP_009857247.1	1.286	825	
YP_009225596.1	YP_009857877.1	1.782	881	
YP_009225596.1	YP_009858037.1	1.679	848	
YP_009225596.1	YP_009858293.1	1.754	856	
YP_009225596.1	YP_009858475.1	1.967	885	
YP_009225596.1	YP_009858635.1	1.639	849	
YP_009225596.1	YP_009858853.1	1.867	897	
YP_009225596.1	YP_009858862.1	1.679	848	
YP_009225596.1	YP_009858960.1	1.398	835	
YP_009225596.1	YP_009858981.1	1.966	884	
YP_009225596.1	YP_009859023.1	1.706	891	
YP_009225596.1	YP_009877775.1	1.313	772	
YP_009225596.1	YP_009878438.1	1.061	356	
YP_009225596.1	YP_009879791.1	2.275	858	
YP_009225596.1	YP_009879912.1	2.273	765	
YP_009225596.1	YP_009879917.1	1.123	700	
YP_009225596.1	YP_009880024.1	1.976	763	
YP_009225596.1	YP_009881995.1	1.398	736	
YP_009225596.1	YP_009882027.1	1.113	839	
YP_009225596.1	YP_009901047.1	1.691	677	
YP_009225596.1	YP_009901152.1	1.871	710	
YP_009225596.1	YP_009902916.1	1.32	694	
YP_009225596.1	YP_009903285.1	1.571	657	
YP_009225596.1	YP_009903287.1	1.321	694	
YP_009225596.1	YP_009903340.1	1.855	695	
YP_009225596.1	YP_009903464.1	1.321	694	
YP_009225596.1	YP_009904961.1	1.612	785	
YP_009225596.1	YP_009907974.1	1.22	863	
YP_009225596.1	YP_009909371.1	1.221	842	
YP_009225596.1	YP_009949038.1	1.779	806	
YP_009225596.1	YP_009949087.1	1.506	782	
YP_009225596.1	YP_009965982.1	1.658	876	
YP_009225596.1	YP_009965990.1	1.07	813	
YP_009225596.1	YP_009965997.1	1.536	863	
YP_009225596.1	YP_009966001.1	2.435	909	
YP_009225596.1	YP_009966008.1	1.22	802	
YP_009225596.1	YP_009966024.1	1.733	764	
YP_009225596.1	YP_009966032.1	1.345	830	
YP_009225596.1	YP_009966052.1	2.218	753	
YP_009225596.1	YP_009966066.1	1.168	824	
YP_009225596.1	YP_009966223.1	2.737	704	
YP_009225596.1	YP_009966647.1	1.309	771	
YP_009225596.1	YP_009985697.1	1.32	851	
YP_009225596.1	YP_009985937.1	1.39	854	
YP_009225596.1	YP_010013243.1	1.079	302	
YP_009225596.1	YP_010053104.1	1.756	844	
YP_009225596.1	YP_010053115.1	1.336	810	
YP_009225596.1	YP_010053226.1	1.196	792	
YP_009225596.1	YP_010053272.1	1.873	965	
YP_009225596.1	YP_010053284.1	1.196	821	
YP_009225596.1	YP_010053317.1	1.718	722	
YP_009225596.1	YP_010053347.1	1.666	874	
YP_009225596.1	YP_010053358.1	0.684	408	
YP_009225596.1	YP_010053381.1	1.422	693	
YP_009225596.1	YP_010053429.1	1.378	839	
YP_009225596.1	YP_010053447.1	2.262	699	
YP_009225596.1	YP_010053486.1	1.186	818	
YP_009225596.1	YP_010053499.1	1.598	885	
YP_009225596.1	YP_010053557.1	1.184	735	
YP_009225596.1	YP_010053604.1	1.154	800	
YP_009225596.1	YP_010053612.1	1.667	909	
YP_009225596.1	YP_010053624.1	1.544	765	
YP_009225596.1	YP_010053685.1	1.19	820	
YP_009225596.1	YP_010053702.1	1.852	717	
YP_009225596.1	YP_010053729.1	1.183	735	
YP_009225596.1	YP_010053751.1	1.691	889	
YP_009225596.1	YP_010053767.1	1.85	855	
YP_009225596.1	YP_010053790.1	1.184	735	
YP_009225596.1	YP_010053826.1	1.713	700	
YP_009225596.1	YP_010053838.1	1.201	819	
YP_009225596.1	YP_010053870.1	1.793	646	
YP_009225596.1	YP_010053880.1	1.184	735	
YP_009225596.1	YP_010053902.1	1.66	888	
YP_009225596.1	YP_010053960.1	1.371	792	
YP_009225596.1	YP_010054123.1	1.184	735	
YP_009225596.1	YP_010054191.1	1.628	885	
YP_009225596.1	YP_010054223.1	0.712	416	
YP_009225596.1	YP_010054271.1	1.784	646	
YP_009225596.1	YP_010078192.1	1.631	825	
YP_009225596.1	YP_010078220.1	1.204	875	
YP_009225596.1	YP_010078268.1	1.323	880	
YP_009225596.1	YP_010078300.1	1.662	701	
YP_009225596.1	YP_010078501.1	1.204	875	
YP_009225596.1	YP_010078610.1	1.662	701	
YP_009225596.1	YP_010078639.1	2.365	362	
YP_009225596.1	YP_010078697.1	1.82	889	
YP_009225596.1	YP_010078713.1	1.203	875	
YP_009225596.1	YP_010078740.1	1.907	778	
YP_009225596.1	YP_010078782.1	1.014	856	
YP_009225596.1	YP_010079223.1	1.238	856	
YP_009225596.1	YP_010089040.1	1.734	794	
YP_009225596.1	YP_010100732.1	1.778	791	
YP_009225596.1	YP_010105013.1	1.118	768	
YP_009225596.1	YP_010105046.1	1.958	844	
YP_009225596.1	YP_010106654.1	2.496	345	
YP_009225596.1	YP_010106676.1	2.394	342	
YP_009225596.1	YP_010106758.1	2.15	342	
YP_009225596.1	YP_010106789.1	1.316	343	
YP_009225596.1	YP_010106917.1	2.299	344	
YP_009225596.1	YP_010563434.1	1.4	784	
YP_009225596.1	YP_010657370.1	1.638	871	
YP_009225596.1	YP_010657380.1	0.661	417	
YP_009225596.1	YP_010657395.1	1.757	674	
YP_009225596.1	YP_010657410.1	1.152	797	
YP_009225596.1	YP_010657415.1	1.487	668	
YP_009225596.1	YP_010657780.1	1.457	873	
YP_009225596.1	YP_010658711.1	1.434	381	
YP_009225596.1	YP_010658713.1	1.905	921	
YP_009225596.1	YP_010658755.1	1.139	883	
YP_009225596.1	YP_010658764.1	1.214	795	
YP_009225596.1	YP_010658852.1	1.154	768	
YP_009225596.1	YP_010659707.1	1.803	694	
YP_009225596.1	YP_010659765.1	1.803	694	
YP_009225596.1	YP_010659989.1	1.032	856	
YP_009225596.1	YP_010660736.1	1.101	481	
YP_009225596.1	YP_010672448.1	0.762	702	
YP_009225596.1	YP_010672728.1	1.819	803	
YP_009225596.1	YP_010672970.1	1.461	785	
YP_009225596.1	YP_010672995.1	1.34	747	
YP_009225596.1	YP_010673183.1	0.636	309	
YP_009225596.1	YP_010673210.1	2.792	788	
YP_009225596.1	YP_010673354.1	2.054	649	
YP_009225596.1	YP_010673582.1	0.751	336	
YP_009225596.1	YP_010673842.1	0.726	293	
YP_009225596.1	YP_010675358.1	1.763	772	
YP_009225596.1	YP_010676075.1	1.386	835	
YP_009225596.1	YP_010676191.1	1.007	846	
YP_009225596.1	YP_010676969.1	1.387	957	
YP_009225596.1	YP_010678645.1	1.654	784	
YP_009225596.1	YP_010678682.1	2.465	907	
YP_009225596.1	YP_010678694.1	1.865	910	
YP_009225596.1	YP_010678699.1	1.32	823	
YP_009225596.1	YP_010679302.1	2.111	500	
YP_009225596.1	YP_239003.1	1.665	807	
YP_009225596.1	YP_241035.1	1.014	284	
YP_009225596.1	YP_398964.1	1.837	783	
YP_009225596.1	YP_398984.1	1.672	649	
YP_003969306.1	YP_003969306.1	0.0	1570	
YP_003969306.1	NP_049785.1	2.026	907	
YP_003969306.1	NP_813810.1	1.055	853	
YP_003969306.1	NP_861875.1	1.27	1078	
YP_003969306.1	NP_891730.1	0.295	857	
YP_003969306.1	NP_899607.1	0.42	887	
YP_003969306.1	NP_932514.1	1.439	1052	
YP_003969306.1	NP_944111.1	0.786	993	
YP_003969306.1	YP_001469504.1	0.942	1034	
YP_003969306.1	YP_001595299.1	1.431	1087	
YP_003969306.1	YP_002854128.1	2.019	907	
YP_003969306.1	YP_002854506.1	2.019	907	
YP_003969306.1	YP_002922235.1	0.942	1034	
YP_003969306.1	YP_002922516.1	1.431	1087	
YP_003969306.1	YP_003097341.1	1.887	980	
YP_003969306.1	YP_003358647.1	1.088	952	
YP_003969306.1	YP_003358895.1	21.433	1206	Low atoms or high RMSD: 1206, 21.43
YP_003969306.1	YP_003580057.1	1.6	1155	
YP_003969306.1	YP_003734312.1	1.486	1092	
YP_003969306.1	YP_003858512.1	1.067	1044	
YP_003969306.1	YP_003934809.1	1.98	913	
YP_003969306.1	YP_003969126.1	1.029	982	
YP_003969306.1	YP_004009799.1	1.28	1068	
YP_003969306.1	YP_004010033.1	0.911	920	
YP_003969306.1	YP_004010320.1	1.955	989	
YP_003969306.1	YP_004063868.1	1.926	920	
YP_003969306.1	YP_004300757.1	1.713	1029	
YP_003969306.1	YP_004300922.1	0.357	921	
YP_003969306.1	YP_004322273.1	1.348	947	
YP_003969306.1	YP_004322543.1	1.209	907	
YP_003969306.1	YP_004322788.1	1.565	1001	
YP_003969306.1	YP_004323022.1	3.375	1004	
YP_003969306.1	YP_004323489.1	1.129	928	
YP_003969306.1	YP_004323729.1	3.487	993	
YP_003969306.1	YP_004323952.1	1.539	971	
YP_003969306.1	YP_004324199.1	16.89	1064	
YP_003969306.1	YP_004324493.1	1.198	939	
YP_003969306.1	YP_004324727.1	1.728	946	
YP_003969306.1	YP_004324953.1	1.326	982	
YP_003969306.1	YP_004327525.1	1.381	967	
YP_003969306.1	YP_004415065.1	2.019	907	
YP_003969306.1	YP_004421629.1	3.907	945	
YP_003969306.1	YP_004895315.1	1.105	952	
YP_003969306.1	YP_004956889.1	3.907	945	
YP_003969306.1	YP_004957849.1	1.251	966	
YP_003969306.1	YP_006489118.1	2.032	1052	
YP_003969306.1	YP_006908139.1	3.907	945	
YP_003969306.1	YP_006986487.1	0.429	884	
YP_003969306.1	YP_006986724.1	2.019	907	
YP_003969306.1	YP_007001620.1	3.426	1006	
YP_003969306.1	YP_007001832.1	1.519	963	
YP_003969306.1	YP_007002789.1	1.129	947	
YP_003969306.1	YP_007004273.1	1.408	1023	
YP_003969306.1	YP_007004549.1	2.019	907	
YP_003969306.1	YP_007004913.1	2.019	907	
YP_003969306.1	YP_007007247.1	3.9	883	
YP_003969306.1	YP_007008103.1	1.166	953	
YP_003969306.1	YP_007010336.1	0.964	1034	
YP_003969306.1	YP_007010836.1	0.878	965	
YP_003969306.1	YP_007236007.1	0.936	912	
YP_003969306.1	YP_007236114.1	1.844	944	
YP_003969306.1	YP_007237462.1	1.107	949	
YP_003969306.1	YP_007348851.1	1.609	1159	
YP_003969306.1	YP_007349038.1	0.99	946	
YP_003969306.1	YP_007501203.1	1.323	1096	
YP_003969306.1	YP_007673101.1	1.413	946	
YP_003969306.1	YP_007673750.1	1.12	906	
YP_003969306.1	YP_007674502.1	1.113	941	
YP_003969306.1	YP_007675584.1	1.08	935	
YP_003969306.1	YP_007677274.1	1.134	894	
YP_003969306.1	YP_007677875.1	0.878	965	
YP_003969306.1	YP_007877736.1	1.317	934	
YP_003969306.1	YP_007877941.1	1.874	928	
YP_003969306.1	YP_008060736.1	1.273	1167	
YP_003969306.1	YP_008125642.1	2.813	960	
YP_003969306.1	YP_008126423.1	1.696	982	
YP_003969306.1	YP_008129951.1	1.342	947	
YP_003969306.1	YP_008532063.1	1.177	952	
YP_003969306.1	YP_008770884.1	1.279	959	
YP_003969306.1	YP_008771675.1	1.154	949	
YP_003969306.1	YP_009005453.1	0.911	920	
YP_003969306.1	YP_009006289.1	0.425	882	
YP_003969306.1	YP_009007967.1	1.112	918	
YP_003969306.1	YP_009008245.1	1.653	979	
YP_003969306.1	YP_009011647.1	0.663	1087	
YP_003969306.1	YP_009021416.1	1.154	949	
YP_003969306.1	YP_009030229.1	1.05	1075	
YP_003969306.1	YP_009030471.1	1.11	952	
YP_003969306.1	YP_009030779.1	2.019	907	
YP_003969306.1	YP_009037596.1	1.703	951	
YP_003969306.1	YP_009046846.1	1.874	1047	
YP_003969306.1	YP_009056759.1	1.27	1078	
YP_003969306.1	YP_009097821.1	1.288	1160	
YP_003969306.1	YP_009098556.1	2.019	907	
YP_003969306.1	YP_009099824.1	1.071	901	
YP_003969306.1	YP_009100718.1	1.752	909	
YP_003969306.1	YP_009101532.1	1.381	967	
YP_003969306.1	YP_009102375.1	2.019	907	
YP_003969306.1	YP_009102643.1	2.019	907	
YP_003969306.1	YP_009102945.1	1.293	968	
YP_003969306.1	YP_009110991.1	2.019	907	
YP_003969306.1	YP_009118843.1	0.942	1034	
YP_003969306.1	YP_009126368.1	1.323	1096	
YP_003969306.1	YP_009133668.1	2.086	941	
YP_003969306.1	YP_009140188.1	1.351	974	
YP_003969306.1	YP_009140896.1	0.736	787	
YP_003969306.1	YP_009142977.1	1.236	938	
YP_003969306.1	YP_009146624.1	1.121	1070	
YP_003969306.1	YP_009147621.1	1.035	938	
YP_003969306.1	YP_009148153.1	1.437	1037	
YP_003969306.1	YP_009148613.1	2.019	907	
YP_003969306.1	YP_009149415.1	2.019	907	
YP_003969306.1	YP_009153770.1	2.019	907	
YP_003969306.1	YP_009167987.1	2.019	907	
YP_003969306.1	YP_009188209.1	2.57	960	
YP_003969306.1	YP_009189480.1	0.566	769	
YP_003969306.1	YP_009190349.1	0.966	920	
YP_003969306.1	YP_009190746.1	1.044	998	
YP_003969306.1	YP_009194463.1	1.601	1158	
YP_003969306.1	YP_009195033.1	0.45	874	
YP_003969306.1	YP_009195576.1	0.719	1043	
YP_003969306.1	YP_009197284.1	1.998	906	
YP_003969306.1	YP_009200434.1	0.936	912	
YP_003969306.1	YP_009201386.1	0.425	882	
YP_003969306.1	YP_009202906.1	1.358	1020	
YP_003969306.1	YP_009203909.1	1.116	1069	
YP_003969306.1	YP_009205865.1	1.48	1028	
YP_003969306.1	YP_009207363.1	1.95	914	
YP_003969306.1	YP_009209929.1	1.926	920	
YP_003969306.1	YP_009210091.1	1.998	906	
YP_003969306.1	YP_009211615.1	1.334	1008	
YP_003969306.1	YP_009212306.1	1.124	924	
YP_003969306.1	YP_009213619.1	1.226	893	
YP_003969306.1	YP_009214021.1	0.416	942	
YP_003969306.1	YP_009217568.1	0.878	965	
YP_003969306.1	YP_009218788.1	1.532	1179	
YP_003969306.1	YP_009220834.1	1.126	647	
YP_003969306.1	YP_009225082.1	1.223	1072	
YP_003969306.1	YP_009277544.1	1.998	906	
YP_003969306.1	YP_009279165.1	1.998	906	
YP_003969306.1	YP_009280024.1	2.758	902	
YP_003969306.1	YP_009281506.1	1.997	906	
YP_003969306.1	YP_009283959.1	1.136	955	
YP_003969306.1	YP_009284034.1	2.0	906	
YP_003969306.1	YP_009286523.1	1.735	995	
YP_003969306.1	YP_009288537.1	2.023	907	
YP_003969306.1	YP_009288860.1	1.042	998	
YP_003969306.1	YP_009289110.1	1.428	1006	
YP_003969306.1	YP_009289434.1	1.042	998	
YP_003969306.1	YP_009290439.1	2.023	907	
YP_003969306.1	YP_009293345.1	1.179	959	
YP_003969306.1	YP_009301632.1	1.158	919	
YP_003969306.1	YP_009302208.1	2.291	957	
YP_003969306.1	YP_009320561.1	1.333	934	
YP_003969306.1	YP_009321403.1	2.24	1023	
YP_003969306.1	YP_009322545.1	1.367	941	
YP_003969306.1	YP_009323078.1	0.886	893	
YP_003969306.1	YP_009323374.1	1.375	1021	
YP_003969306.1	YP_009324068.1	1.589	980	
YP_003969306.1	YP_009324285.1	1.578	950	
YP_003969306.1	YP_009325107.1	1.088	933	
YP_003969306.1	YP_009592785.1	1.231	1073	
YP_003969306.1	YP_009595561.1	0.985	967	
YP_003969306.1	YP_009597133.1	3.977	944	
YP_003969306.1	YP_009601175.1	1.219	932	
YP_003969306.1	YP_009602123.1	1.09	1135	
YP_003969306.1	YP_009607134.1	1.6	1158	
YP_003969306.1	YP_009609502.1	1.085	937	
YP_003969306.1	YP_009609697.1	1.225	917	
YP_003969306.1	YP_009613002.1	0.887	965	
YP_003969306.1	YP_009614824.1	2.023	907	
YP_003969306.1	YP_009615648.1	1.437	1037	
YP_003969306.1	YP_009616031.1	1.198	949	
YP_003969306.1	YP_009617736.1	1.159	954	
YP_003969306.1	YP_009618253.1	1.12	1070	
YP_003969306.1	YP_009618981.1	1.998	906	
YP_003969306.1	YP_009619105.1	2.004	906	
YP_003969306.1	YP_009623379.1	3.907	945	
YP_003969306.1	YP_009625078.1	1.998	906	
YP_003969306.1	YP_009778287.1	1.701	954	
YP_003969306.1	YP_009778577.1	2.303	944	
YP_003969306.1	YP_009778856.1	2.303	944	
YP_003969306.1	YP_009779094.1	3.484	993	
YP_003969306.1	YP_009779306.1	3.172	988	
YP_003969306.1	YP_009779739.1	1.494	960	
YP_003969306.1	YP_009779956.1	1.494	960	
YP_003969306.1	YP_009783028.1	2.568	945	
YP_003969306.1	YP_009783265.1	1.187	937	
YP_003969306.1	YP_009791288.1	0.87	905	
YP_003969306.1	YP_009796178.1	1.584	975	
YP_003969306.1	YP_009796399.1	1.34	962	
YP_003969306.1	YP_009798915.1	1.364	963	
YP_003969306.1	YP_009806389.1	2.161	954	
YP_003969306.1	YP_009810935.1	1.194	933	
YP_003969306.1	YP_009816047.1	2.287	913	
YP_003969306.1	YP_009822534.1	1.355	962	
YP_003969306.1	YP_009831233.1	0.43	885	
YP_003969306.1	YP_009831516.1	0.427	884	
YP_003969306.1	YP_009833138.1	1.812	891	
YP_003969306.1	YP_009834684.1	1.123	1118	
YP_003969306.1	YP_009834918.1	1.121	1118	
YP_003969306.1	YP_009836922.1	0.793	912	
YP_003969306.1	YP_009837731.1	0.961	829	
YP_003969306.1	YP_009838363.1	1.332	969	
YP_003969306.1	YP_009841926.1	1.226	973	
YP_003969306.1	YP_009845811.1	1.208	961	
YP_003969306.1	YP_009850367.1	1.003	924	
YP_003969306.1	YP_009850715.1	1.782	970	
YP_003969306.1	YP_009851064.1	1.382	917	
YP_003969306.1	YP_009854222.1	1.375	947	
YP_003969306.1	YP_009856184.1	0.94	1007	
YP_003969306.1	YP_009875979.1	1.227	962	
YP_003969306.1	YP_009876487.1	1.143	956	
YP_003969306.1	YP_009877023.1	1.207	960	
YP_003969306.1	YP_009877750.1	1.179	959	
YP_003969306.1	YP_009879565.1	1.149	955	
YP_003969306.1	YP_009879687.1	1.143	956	
YP_003969306.1	YP_009880340.1	1.334	967	
YP_003969306.1	YP_009880712.1	1.143	956	
YP_003969306.1	YP_009880949.1	0.811	1035	
YP_003969306.1	YP_009881054.1	1.077	949	
YP_003969306.1	YP_009881254.1	1.191	959	
YP_003969306.1	YP_009881522.1	0.825	1037	
YP_003969306.1	YP_009881798.1	1.185	959	
YP_003969306.1	YP_009882234.1	0.97	931	
YP_003969306.1	YP_009882854.1	0.996	947	
YP_003969306.1	YP_009883270.1	1.181	958	
YP_003969306.1	YP_009883479.1	1.349	962	
YP_003969306.1	YP_009883891.1	0.621	999	
YP_003969306.1	YP_009884751.1	1.353	962	
YP_003969306.1	YP_009885363.1	0.811	1035	
YP_003969306.1	YP_009886207.1	0.811	1035	
YP_003969306.1	YP_009886453.1	0.811	1035	
YP_003969306.1	YP_009886703.1	0.811	1035	
YP_003969306.1	YP_009886950.1	0.811	1035	
YP_003969306.1	YP_009887171.1	0.957	931	
YP_003969306.1	YP_009887362.1	1.133	955	
YP_003969306.1	YP_009887550.1	1.179	958	
YP_003969306.1	YP_009887732.1	1.242	964	
YP_003969306.1	YP_009887939.1	1.186	959	
YP_003969306.1	YP_009888141.1	1.196	959	
YP_003969306.1	YP_009888346.1	1.133	955	
YP_003969306.1	YP_009888552.1	1.186	959	
YP_003969306.1	YP_009888748.1	1.133	955	
YP_003969306.1	YP_009888958.1	3.861	987	
YP_003969306.1	YP_009889159.1	1.241	960	
YP_003969306.1	YP_009889359.1	1.026	951	
YP_003969306.1	YP_009889811.1	0.81	1035	
YP_003969306.1	YP_009890001.1	1.186	959	
YP_003969306.1	YP_009948952.1	1.544	935	
YP_003969306.1	YP_009966623.1	1.166	953	
YP_003969306.1	YP_009966838.1	1.166	953	
YP_003969306.1	YP_010065232.1	2.021	907	
YP_003969306.1	YP_010065541.1	1.998	906	
YP_003969306.1	YP_010065815.1	1.998	906	
YP_003969306.1	YP_010065969.1	2.023	907	
YP_003969306.1	YP_010066368.1	2.004	906	
YP_003969306.1	YP_010066482.1	1.998	906	
YP_003969306.1	YP_010066827.1	1.998	906	
YP_003969306.1	YP_010067053.1	2.002	906	
YP_003969306.1	YP_010067317.1	2.019	907	
YP_003969306.1	YP_010067588.1	2.003	906	
YP_003969306.1	YP_010067852.1	2.023	907	
YP_003969306.1	YP_010068080.1	2.003	906	
YP_003969306.1	YP_010068406.1	1.997	906	
YP_003969306.1	YP_010068662.1	2.004	906	
YP_003969306.1	YP_010068970.1	1.199	1074	
YP_003969306.1	YP_010069194.1	2.021	907	
YP_003969306.1	YP_010069465.1	1.999	906	
YP_003969306.1	YP_010069731.1	2.023	907	
YP_003969306.1	YP_010070000.1	2.003	906	
YP_003969306.1	YP_010070274.1	2.003	906	
YP_003969306.1	YP_010070552.1	2.003	906	
YP_003969306.1	YP_010070825.1	1.999	906	
YP_003969306.1	YP_010070940.1	2.002	906	
YP_003969306.1	YP_010071377.1	2.02	907	
YP_003969306.1	YP_010071644.1	2.019	907	
YP_003969306.1	YP_010071920.1	2.02	907	
YP_003969306.1	YP_010072184.1	1.997	906	
YP_003969306.1	YP_010072461.1	1.998	906	
YP_003969306.1	YP_010072735.1	1.998	906	
YP_003969306.1	YP_010072844.1	1.999	906	
YP_003969306.1	YP_010073197.1	2.0	906	
YP_003969306.1	YP_010073544.1	1.997	906	
YP_003969306.1	YP_010073545.1	1.04	853	
YP_003969306.1	YP_010073824.1	2.004	906	
YP_003969306.1	YP_010073825.1	1.04	853	
YP_003969306.1	YP_010074122.1	2.004	906	
YP_003969306.1	YP_010074375.1	1.998	906	
YP_003969306.1	YP_010074595.1	2.002	906	
YP_003969306.1	YP_010074896.1	2.023	907	
YP_003969306.1	YP_010075066.1	1.998	906	
YP_003969306.1	YP_010075440.1	2.019	907	
YP_003969306.1	YP_010075711.1	1.998	906	
YP_003969306.1	YP_010075978.1	2.003	906	
YP_003969306.1	YP_010076258.1	1.236	1074	
YP_003969306.1	YP_010076371.1	1.997	906	
YP_003969306.1	YP_010076787.1	1.997	906	
YP_003969306.1	YP_010077055.1	1.998	906	
YP_003969306.1	YP_010077162.1	1.998	906	
YP_003969306.1	YP_010077672.1	1.998	906	
YP_003969306.1	YP_010077856.1	1.075	582	
YP_003969306.1	YP_010088337.1	1.742	908	
YP_003969306.1	YP_010088769.1	2.193	930	
YP_003969306.1	YP_010089133.1	1.601	1158	
YP_003969306.1	YP_010089498.1	1.044	998	
YP_003969306.1	YP_010089774.1	0.917	911	
YP_003969306.1	YP_010090011.1	1.436	1007	
YP_003969306.1	YP_010090438.1	3.121	993	
YP_003969306.1	YP_010090605.1	1.215	1042	
YP_003969306.1	YP_010090886.1	0.776	925	
YP_003969306.1	YP_010091206.1	2.021	907	
YP_003969306.1	YP_010091477.1	1.998	906	
YP_003969306.1	YP_010091790.1	0.884	918	
YP_003969306.1	YP_010092028.1	0.716	1042	
YP_003969306.1	YP_010092331.1	0.448	971	
YP_003969306.1	YP_010092970.1	0.305	1125	
YP_003969306.1	YP_010093225.1	1.223	1072	
YP_003969306.1	YP_010093641.1	1.042	1080	
YP_003969306.1	YP_010094059.1	1.099	933	
YP_003969306.1	YP_010094245.1	1.358	1020	
YP_003969306.1	YP_010094516.1	1.997	906	
YP_003969306.1	YP_010094777.1	1.485	1098	
YP_003969306.1	YP_010095119.1	1.334	1052	
YP_003969306.1	YP_010095269.1	3.123	993	
YP_003969306.1	YP_010095688.1	0.893	966	
YP_003969306.1	YP_010095733.1	0.891	966	
YP_003969306.1	YP_010096151.1	1.042	998	
YP_003969306.1	YP_010096271.1	1.429	1009	
YP_003969306.1	YP_010097183.1	0.348	936	
YP_003969306.1	YP_010097729.1	1.183	956	
YP_003969306.1	YP_010098513.1	1.044	998	
YP_003969306.1	YP_010099744.1	1.998	906	
YP_003969306.1	YP_010100006.1	1.429	1006	
YP_003969306.1	YP_010100315.1	1.41	1023	
YP_003969306.1	YP_010100494.1	1.374	1021	
YP_003969306.1	YP_010106078.1	2.002	906	
YP_003969306.1	YP_010107336.1	0.934	882	
YP_003969306.1	YP_010114613.1	3.37	910	
YP_003969306.1	YP_010228788.1	2.023	907	
YP_003969306.1	YP_010246874.1	1.703	951	
YP_003969306.1	YP_010278298.1	1.997	906	
YP_003969306.1	YP_010355269.1	1.158	891	
YP_003969306.1	YP_010355504.1	0.736	787	
YP_003969306.1	YP_010355726.1	0.736	787	
YP_003969306.1	YP_010650152.1	0.773	993	
YP_003969306.1	YP_010650434.1	0.94	1007	
YP_003969306.1	YP_010650734.1	0.94	1007	
YP_003969306.1	YP_010651047.1	1.941	913	
YP_003969306.1	YP_010656661.1	1.595	972	
YP_003969306.1	YP_010661176.1	0.579	753	
YP_003969306.1	YP_010662100.1	1.053	898	
YP_003969306.1	YP_010662268.1	1.053	898	
YP_003969306.1	YP_010662449.1	0.98	893	
YP_003969306.1	YP_010662680.1	1.079	903	
YP_003969306.1	YP_010662960.1	1.162	920	
YP_003969306.1	YP_010665933.1	0.704	1103	
YP_003969306.1	YP_010667585.1	1.508	941	
YP_003969306.1	YP_010669235.1	0.921	882	
YP_003969306.1	YP_010669304.1	1.457	948	
YP_003969306.1	YP_010669643.1	1.539	979	
YP_003969306.1	YP_010669733.1	1.461	986	
YP_003969306.1	YP_010670191.1	0.985	923	
YP_003969306.1	YP_010670479.1	1.48	939	
YP_003969306.1	YP_010670562.1	1.227	910	
YP_003969306.1	YP_010678883.1	1.983	898	
YP_003969306.1	YP_010843006.1	3.9	883	
YP_003969306.1	YP_010844076.1	1.151	1072	
YP_003969306.1	YP_195140.1	1.211	928	
YP_003969306.1	YP_214365.1	1.105	930	
YP_003969306.1	YP_214667.1	1.319	954	
YP_003969306.1	YP_239201.1	1.288	1160	
YP_003969306.1	YP_656385.1	0.878	965	
YP_003969306.1	YP_717800.1	1.799	940	
YP_003969306.1	YP_803113.1	1.729	955	
